Numero;Nom;Age;Matchs joués;Buts;Passe D;Column9;Column10
1;A. Areola;25 ans;9;-;-;20192020;Gardiens
1;A. Areola;26 ans;-;-;-;20202021;Gardiens
32;Á. Craninx;20 ans;-;-;-;20162017;Gardiens
22;Á. Di María;25 ans;-;-;-;20142015;Milieux
24;A. Güler;18 ans;-;-;-;20232024;Milieux
34;A. Hakimi;17 ans;2;-;-;20162017;Défenseurs
34;A. Hakimi;18 ans;21;2;1;20172018;Défenseurs
;A. Hakimi;20 ans;-;-;-;20192020;Défenseurs
13;A. Lunin;21 ans;6;-;-;20212022;Gardiens
13;A. Lunin;19 ans;1;-;-;20192020;Gardiens
13;A. Lunin;20 ans;1;-;-;20202021;Gardiens
27;A. Lunin;18 ans;4;-;-;20182019;Gardiens
13;A. Lunin;22 ans;13;-;-;20222023;Gardiens
13;A. Lunin;24 ans;3;-;-;20232024;Gardiens
39;Á. Rodríguez;17 ans;8;1;1;20222023;Attaquants
39;Á. Rodríguez;19 ans;-;-;-;20232024;Attaquants
22;A. Rüdiger;28 ans;56;2;-;20222023;Défenseurs
22;A. Rüdiger;30 ans;12;-;-;20232024;Défenseurs
18;A. Tchouameni;21 ans;53;-;4;20222023;Milieux
18;A. Tchouameni;23 ans;12;1;-;20232024;Milieux
24;A. Țîrlea;18 ans;-;-;-;20192020;Milieux
;Adrián Mance;20 ans;-;-;-;20172018;Milieux
36;Aleix Febas;19 ans;2;-;-;20162017;Milieux
;Alfonso Herrero;21 ans;-;-;-;20162017;Gardiens
27;Álvaro;18 ans;-;-;-;20172018;Milieux
;Álvaro Bravo;18 ans;-;-;-;20172018;Milieux
34;Álvaro Carrillo;21 ans;-;-;-;20232024;Défenseurs
6;Álvaro Fidalgo;18 ans;-;-;-;20162017;Milieux
36;Álvaro Fidalgo;19 ans;-;-;-;20172018;Milieux
36;Álvaro Fidalgo;21 ans;1;-;-;20192020;Milieux
36;Álvaro Fidalgo;20 ans;1;-;-;20182019;Milieux
;Álvaro Jiménez;20 ans;-;-;-;20162017;Milieux
26;Álvaro Medrán;19 ans;-;-;-;20142015;Milieux
29;Álvaro Morata;21 ans;-;-;-;20142015;Attaquants
21;Álvaro Morata;23 ans;46;21;5;20162017;Attaquants
21;Álvaro Morata;24 ans;-;-;-;20172018;Attaquants
34;Álvaro Tejero;18 ans;1;-;-;20152016;Défenseurs
34;Álvaro Tejero;19 ans;6;-;1;20162017;Défenseurs
34;Álvaro Tejero;20 ans;5;-;-;20172018;Défenseurs
27;Antonio Blanco;20 ans;4;-;-;20212022;Milieux
27;Antonio Blanco;19 ans;4;-;-;20202021;Milieux
27;Antonio Blanco;21 ans;-;-;-;20222023;Milieux
2;Arbeloa;31 ans;15;-;-;20152016;Défenseurs
2;Arbeloa;30 ans;22;1;5;20142015;Défenseurs
2;Arbeloa;32 ans;-;-;-;20162017;Défenseurs
;Arturo Molina;20 ans;-;-;-;20172018;Milieux
23;B. Garay;18 ans;-;-;-;20192020;Défenseurs
43;Borja Mayoral;17 ans;21;-;-;20152016;Attaquants
43;Borja Mayoral;16 ans;-;-;-;20142015;Attaquants
43;Borja Mayoral;18 ans;-;-;-;20162017;Attaquants
21;Borja Mayoral;19 ans;54;16;6;20172018;Attaquants
16;Borja Mayoral;21 ans;-;-;-;20192020;Attaquants
16;Borja Mayoral;22 ans;2;-;-;20202021;Attaquants
21;Borja Mayoral;20 ans;6;-;-;20182019;Attaquants
12;Borja Mayoral;24 ans;-;-;-;20222023;Attaquants
;Borja Sánchez;19 ans;-;-;-;20162017;Milieux
;Borja Sánchez;20 ans;-;-;-;20172018;Milieux
21;Brahim Díaz;19 ans;10;1;1;20192020;Attaquants
21;Brahim Díaz;20 ans;-;-;-;20202021;Attaquants
21;Brahim Díaz;18 ans;2;-;-;20182019;Attaquants
21;Brahim Díaz;24 ans;9;1;-;20232024;Attaquants
30;Burgui;20 ans;-;-;-;20142015;Milieux
;Burgui;22 ans;-;-;-;20162017;Milieux
;Burgui;23 ans;-;-;-;20172018;Milieux
27;Carlos Algarra;18 ans;-;-;-;20192020;Milieux
32;Carlos Dotor;19 ans;1;-;-;20212022;Milieux
32;Carlos Dotor;20 ans;-;-;-;20222023;Milieux
34;Casado;24 ans;-;-;-;20142015;Défenseurs
14;Casemiro;22 ans;40;1;3;20152016;Milieux
38;Casemiro;21 ans;-;-;-;20142015;Milieux
14;Casemiro;23 ans;45;6;3;20162017;Milieux
14;Casemiro;28 ans;49;1;3;20212022;Milieux
14;Casemiro;24 ans;51;7;4;20172018;Milieux
14;Casemiro;26 ans;47;5;5;20192020;Milieux
14;Casemiro;27 ans;46;7;5;20202021;Milieux
14;Casemiro;25 ans;40;4;-;20182019;Milieux
14;Casemiro;29 ans;5;-;1;20222023;Milieux
;Casillas;33 ans;-;-;-;20152016;Gardiens
;Casillas;32 ans;-;-;-;20142015;Gardiens
36;Cobo;18 ans;-;-;-;20172018;Défenseurs
7;Cristian Cedrés;20 ans;-;-;-;20172018;Milieux
9;Cristiano Ronaldo;29 ans;53;52;15;20152016;Attaquants
9;Cristiano Ronaldo;28 ans;35;48;16;20142015;Attaquants
9;Cristiano Ronaldo;30 ans;46;42;11;20162017;Attaquants
9;Cristiano Ronaldo;31 ans;44;45;9;20172018;Attaquants
27;Cristo González;19 ans;-;-;-;20172018;Attaquants
27;Cristo González;21 ans;-;-;-;20192020;Attaquants
27;Cristo González;20 ans;4;1;-;20182019;Attaquants
4;D. Alaba;28 ans;47;3;4;20212022;Défenseurs
4;D. Alaba;29 ans;42;2;3;20222023;Défenseurs
4;D. Alaba;31 ans;9;-;1;20232024;Défenseurs
21;D. Cheryshev;24 ans;12;2;1;20152016;Milieux
21;D. Cheryshev;25 ans;-;-;-;20162017;Milieux
2;Dani Carvajal;22 ans;36;1;4;20152016;Défenseurs
2;Dani Carvajal;21 ans;30;-;3;20142015;Défenseurs
2;Dani Carvajal;23 ans;44;-;11;20162017;Défenseurs
2;Dani Carvajal;28 ans;36;1;4;20212022;Défenseurs
2;Dani Carvajal;24 ans;43;-;6;20172018;Défenseurs
2;Dani Carvajal;26 ans;48;1;7;20192020;Défenseurs
2;Dani Carvajal;27 ans;15;-;2;20202021;Défenseurs
2;Dani Carvajal;25 ans;36;1;6;20182019;Défenseurs
2;Dani Carvajal;29 ans;46;-;4;20222023;Défenseurs
2;Dani Carvajal;31 ans;9;-;2;20232024;Défenseurs
19;Dani Ceballos;24 ans;18;-;1;20212022;Milieux
24;Dani Ceballos;20 ans;50;4;-;20172018;Milieux
24;Dani Ceballos;22 ans;-;-;-;20192020;Milieux
;Dani Ceballos;23 ans;-;-;-;20202021;Milieux
24;Dani Ceballos;21 ans;72;6;6;20182019;Milieux
19;Dani Ceballos;25 ans;49;1;9;20222023;Milieux
19;Dani Ceballos;27 ans;4;-;-;20232024;Milieux
2;Dani Fernández;18 ans;-;-;-;20162017;Défenseurs
;Dani Fernández;19 ans;-;-;-;20172018;Défenseurs
28;Dani Gómez;18 ans;1;-;-;20172018;Attaquants
22;Dani Sánchez;17 ans;-;-;-;20182019;Milieux
23;Danilo;23 ans;37;2;6;20152016;Défenseurs
23;Danilo;24 ans;29;2;3;20162017;Défenseurs
23;Danilo;25 ans;-;-;-;20172018;Défenseurs
26;Dela;19 ans;5;-;-;20192020;Défenseurs
26;Dela;18 ans;-;-;-;20182019;Défenseurs
42;Derik Osede;20 ans;-;-;-;20142015;Défenseurs
26;Diego Altube;20 ans;-;-;-;20212022;Gardiens
26;Diego Altube;18 ans;-;-;-;20192020;Gardiens
26;Diego Altube;19 ans;-;-;-;20202021;Gardiens
;Diego Altube;21 ans;-;-;-;20222023;Gardiens
;Diego Altube;23 ans;-;-;-;20232024;Gardiens
;Diego Hernández;19 ans;-;-;-;20192020;Attaquants
37;Diego Llorente;20 ans;-;-;-;20142015;Défenseurs
25;Diego López;32 ans;-;-;-;20142015;Gardiens
26;Diego Piñeiro;16 ans;-;-;-;20212022;Gardiens
26;Diego Piñeiro;17 ans;-;-;-;20222023;Gardiens
26;Diego Piñeiro;19 ans;-;-;-;20232024;Gardiens
12;E. Camavinga;18 ans;40;2;2;20212022;Milieux
12;E. Camavinga;19 ans;62;-;2;20222023;Milieux
12;E. Camavinga;20 ans;12;-;1;20232024;Milieux
7;E. Hazard;29 ans;23;1;2;20212022;Attaquants
7;E. Hazard;27 ans;28;2;4;20192020;Attaquants
7;E. Hazard;28 ans;21;4;2;20202021;Attaquants
7;E. Hazard;30 ans;13;2;1;20222023;Attaquants
;E. Zidane;20 ans;4;1;-;20162017;Milieux
;E. Zidane;21 ans;-;-;-;20172018;Milieux
18;Echu;18 ans;-;-;-;20172018;Attaquants
3;Éder Militão;22 ans;51;2;2;20212022;Défenseurs
3;Éder Militão;20 ans;21;-;-;20192020;Défenseurs
3;Éder Militão;21 ans;21;2;1;20202021;Défenseurs
3;Éder Militão;23 ans;54;7;-;20222023;Défenseurs
3;Éder Militão;25 ans;2;-;-;20232024;Défenseurs
34;F. Feuillassier;18 ans;3;-;-;20172018;Attaquants
34;F. Feuillassier;19 ans;-;-;-;20182019;Milieux
23;F. Mendy;25 ans;35;2;4;20212022;Défenseurs
23;F. Mendy;23 ans;34;1;2;20192020;Défenseurs
23;F. Mendy;24 ans;38;2;-;20202021;Défenseurs
23;F. Mendy;26 ans;31;-;1;20222023;Défenseurs
23;F. Mendy;28 ans;5;-;-;20232024;Défenseurs
7;F. Valverde;17 ans;-;-;-;20162017;Milieux
15;F. Valverde;22 ans;46;1;2;20212022;Milieux
15;F. Valverde;20 ans;47;2;5;20192020;Milieux
15;F. Valverde;21 ans;33;3;1;20202021;Attaquants
15;F. Valverde;19 ans;27;-;-;20182019;Milieux
15;F. Valverde;23 ans;59;12;7;20222023;Attaquants
15;F. Valverde;25 ans;12;3;2;20232024;Milieux
15;Fábio Coentrão;26 ans;-;-;-;20152016;Défenseurs
15;Fábio Coentrão;25 ans;18;-;-;20142015;Défenseurs
15;Fábio Coentrão;27 ans;6;-;1;20162017;Défenseurs
15;Fábio Coentrão;28 ans;-;-;-;20172018;Défenseurs
;Fábio Coentrão;29 ans;-;-;-;20182019;Défenseurs
25;Fernando Pacheco;22 ans;-;-;-;20152016;Gardiens
25;Fernando Pacheco;21 ans;-;-;-;20142015;Gardiens
;Fran Ganfornina;19 ans;-;-;-;20162017;Milieux
;Fran Ganfornina;20 ans;-;-;-;20172018;Milieux
3;Fran García;18 ans;1;-;1;20182019;Milieux
20;Fran García;24 ans;9;-;2;20232024;Défenseurs
30;Fran González;16 ans;-;-;-;20222023;Gardiens
30;Fran González;18 ans;-;-;-;20232024;Gardiens
21;Fran Rivera;18 ans;-;-;-;20192020;Milieux
;Fran Rodríguez;20 ans;-;-;-;20162017;Défenseurs
;Francisco Tena;22 ans;-;-;-;20162017;Milieux
11;G. Bale;25 ans;37;19;12;20152016;Milieux
11;G. Bale;24 ans;31;13;9;20142015;Attaquants
11;G. Bale;26 ans;28;9;3;20162017;Attaquants
11;G. Bale;27 ans;42;21;5;20172018;Attaquants
11;G. Bale;29 ans;22;4;2;20192020;Attaquants
11;G. Bale;30 ans;-;-;-;20202021;Attaquants
11;G. Bale;28 ans;42;16;6;20182019;Attaquants
18;G. Bale;32 ans;-;-;-;20222023;Attaquants
;G. Varela;20 ans;-;-;-;20142015;Défenseurs
8;Galván;19 ans;-;-;-;20192020;Milieux
33;Gonzalo García;19 ans;-;-;-;20232024;Milieux
19;Gori López;18 ans;-;-;-;20172018;Milieux
;Héctor Martínez;21 ans;-;-;-;20162017;Défenseurs
;Héctor Martínez;22 ans;-;-;-;20172018;Défenseurs
;Hermoso;20 ans;-;-;-;20162017;Défenseurs
34;Hugo Duro;21 ans;-;-;-;20212022;Attaquants
34;Hugo Duro;20 ans;3;-;-;20202021;Attaquants
24;Illarramendi;24 ans;3;-;-;20152016;Milieux
24;Illarramendi;23 ans;30;-;-;20142015;Milieux
22;Isco;22 ans;48;5;10;20152016;Milieux
22;Isco;21 ans;34;4;9;20142015;Milieux
22;Isco;23 ans;44;11;9;20162017;Milieux
22;Isco;28 ans;19;2;-;20212022;Milieux
22;Isco;24 ans;52;8;10;20172018;Milieux
22;Isco;26 ans;36;3;2;20192020;Attaquants
22;Isco;27 ans;29;-;2;20202021;Milieux
22;Isco;25 ans;39;6;2;20182019;Milieux
22;Isco;29 ans;-;-;-;20222023;Milieux
;Isma Cerro;20 ans;-;-;-;20162017;Attaquants
23;Iván Morante;19 ans;1;-;-;20212022;Milieux
5;J. Bellingham;20 ans;11;10;3;20232024;Milieux
;J. Gaspar;20 ans;-;-;-;20162017;Attaquants
;J. Gaspar;21 ans;-;-;-;20172018;Attaquants
;J. Hernández;25 ans;-;-;-;20142015;Attaquants
10;J. Rodríguez;23 ans;36;9;8;20152016;Milieux
10;J. Rodríguez;22 ans;29;13;13;20142015;Milieux
10;J. Rodríguez;24 ans;34;12;12;20162017;Milieux
10;J. Rodríguez;25 ans;-;-;-;20172018;Milieux
16;J. Rodríguez;27 ans;14;1;2;20192020;Milieux
16;J. Rodríguez;28 ans;-;-;-;20202021;Milieux
;Jaime Romero;23 ans;-;-;-;20142015;Milieux
;Jaime Sánchez;18 ans;-;-;-;20142015;Défenseurs
;Jaime Sánchez;21 ans;-;-;-;20172018;Défenseurs
33;Jaime Seoane;19 ans;1;-;-;20172018;Milieux
33;Jaime Seoane;21 ans;4;-;-;20192020;Milieux
33;Jaime Seoane;20 ans;-;-;-;20182019;Milieux
16;Jaume Grau;18 ans;-;-;-;20162017;Milieux
39;Jaume Grau;19 ans;-;-;-;20172018;Milieux
39;Jaume Grau;21 ans;-;-;-;20192020;Milieux
39;Jaume Grau;20 ans;-;-;-;20182019;Milieux
24;Javi Hernández;18 ans;-;-;-;20172018;Défenseurs
39;Javi Hernández;20 ans;2;1;-;20192020;Défenseurs
39;Javi Hernández;21 ans;-;-;-;20202021;Défenseurs
37;Javi Muñoz;18 ans;-;-;-;20142015;Milieux
31;Javi Sánchez;21 ans;-;-;-;20192020;Défenseurs
31;Javi Sánchez;20 ans;8;1;-;20182019;Défenseurs
;Jean Carlos;19 ans;-;-;-;20162017;Attaquants
28;Jesé;21 ans;44;7;6;20152016;Attaquants
28;Jesé;20 ans;16;3;2;20142015;Attaquants
28;Jesé;22 ans;1;-;-;20162017;Attaquants
28;Jesús;25 ans;-;-;-;20142015;Gardiens
27;José Carlos Lazo;18 ans;1;-;-;20152016;Milieux
27;José Carlos Lazo;19 ans;-;-;-;20162017;Milieux
;José Carlos Lazo;20 ans;-;-;-;20172018;Milieux
;José León;20 ans;-;-;-;20162017;Défenseurs
39;José León;21 ans;-;-;-;20172018;Défenseurs
39;José León;22 ans;2;-;-;20182019;Défenseurs
34;José Rodríguez;19 ans;-;-;-;20142015;Milieux
14;Joselu;33 ans;12;5;2;20232024;Attaquants
29;Juanmi Latasa;19 ans;1;-;-;20212022;Attaquants
29;Juanmi Latasa;20 ans;-;-;-;20222023;Attaquants
9;K. Benzema;27 ans;39;29;7;20152016;Attaquants
9;K. Benzema;26 ans;29;15;10;20142015;Attaquants
9;K. Benzema;28 ans;47;19;7;20162017;Attaquants
9;K. Benzema;33 ans;46;44;14;20212022;Attaquants
9;K. Benzema;29 ans;49;12;11;20172018;Attaquants
9;K. Benzema;31 ans;54;31;12;20192020;Attaquants
9;K. Benzema;32 ans;46;30;9;20202021;Attaquants
9;K. Benzema;30 ans;53;30;9;20182019;Attaquants
9;K. Benzema;34 ans;45;33;6;20222023;Attaquants
1;K. Navas;28 ans;51;-;-;20152016;Gardiens
1;K. Navas;27 ans;6;-;-;20142015;Gardiens
1;K. Navas;29 ans;41;-;-;20162017;Gardiens
1;K. Navas;30 ans;46;-;-;20172018;Gardiens
1;K. Navas;32 ans;5;-;-;20192020;Gardiens
1;K. Navas;31 ans;20;-;-;20182019;Gardiens
25;Kepa;29 ans;9;-;-;20232024;Gardiens
13;Kiko Casilla;28 ans;10;-;-;20152016;Gardiens
13;Kiko Casilla;29 ans;22;-;1;20162017;Gardiens
13;Kiko Casilla;30 ans;20;-;-;20172018;Gardiens
13;Kiko Casilla;32 ans;-;-;-;20192020;Gardiens
13;Kiko Casilla;31 ans;1;-;-;20182019;Gardiens
16;L. Jović;23 ans;21;1;3;20212022;Attaquants
18;L. Jović;21 ans;31;2;2;20192020;Attaquants
18;L. Jović;22 ans;5;-;-;20202021;Attaquants
16;L. Jović;24 ans;-;-;-;20222023;Attaquants
10;L. Modrić;29 ans;49;3;5;20152016;Milieux
10;L. Modrić;28 ans;16;1;3;20142015;Milieux
10;L. Modrić;30 ans;42;1;3;20162017;Milieux
10;L. Modrić;35 ans;46;3;12;20212022;Milieux
10;L. Modrić;31 ans;45;2;8;20172018;Milieux
10;L. Modrić;33 ans;45;5;7;20192020;Milieux
10;L. Modrić;34 ans;48;6;6;20202021;Milieux
10;L. Modrić;32 ans;43;4;8;20182019;Milieux
10;L. Modrić;36 ans;55;6;6;20222023;Milieux
10;L. Modrić;38 ans;10;-;1;20232024;Milieux
26;L. Quezada;19 ans;-;-;-;20162017;Défenseurs
26;L. Quezada;20 ans;2;-;-;20172018;Défenseurs
26;L. Quezada;21 ans;-;-;-;20182019;Défenseurs
30;L. Zidane;17 ans;-;-;-;20162017;Gardiens
30;L. Zidane;18 ans;2;-;-;20172018;Gardiens
30;L. Zidane;20 ans;-;-;-;20192020;Gardiens
30;L. Zidane;19 ans;1;-;-;20182019;Gardiens
29;Llario;18 ans;-;-;-;20172018;Attaquants
31;Lucas Cañizares;18 ans;-;-;-;20212022;Gardiens
42;Lucas Cañizares;17 ans;-;-;-;20202021;Gardiens
31;Lucas Cañizares;19 ans;-;-;-;20222023;Gardiens
31;Lucas Cañizares;21 ans;-;-;-;20232024;Gardiens
16;Lucas Silva;21 ans;6;-;-;20152016;Milieux
16;Lucas Silva;20 ans;16;-;-;20142015;Milieux
;Lucas Silva;22 ans;-;-;-;20162017;Milieux
;Lucas Torró;19 ans;-;-;-;20142015;Milieux
17;Lucas Vázquez;23 ans;39;4;8;20152016;Milieux
27;Lucas Vázquez;22 ans;-;-;-;20142015;Milieux
17;Lucas Vázquez;24 ans;53;4;10;20162017;Attaquants
17;Lucas Vázquez;29 ans;43;3;-;20212022;Milieux
17;Lucas Vázquez;25 ans;56;8;12;20172018;Milieux
17;Lucas Vázquez;27 ans;29;3;2;20192020;Milieux
17;Lucas Vázquez;28 ans;34;2;7;20202021;Défenseurs
17;Lucas Vázquez;26 ans;46;4;5;20182019;Attaquants
17;Lucas Vázquez;30 ans;33;4;2;20222023;Défenseurs
17;Lucas Vázquez;32 ans;9;-;1;20232024;Milieux
26;Luis López;19 ans;-;-;-;20212022;Gardiens
26;Luis López;17 ans;-;-;-;20192020;Gardiens
26;Luis López;18 ans;-;-;-;20202021;Gardiens
26;Luis López;20 ans;-;-;-;20222023;Gardiens
37;M. Díaz;21 ans;-;-;-;20152016;Attaquants
37;M. Díaz;22 ans;18;7;2;20162017;Attaquants
24;M. Díaz;27 ans;12;1;1;20212022;Attaquants
37;M. Díaz;23 ans;-;-;-;20172018;Attaquants
24;M. Díaz;25 ans;9;2;-;20192020;Attaquants
24;M. Díaz;26 ans;22;1;-;20202021;Attaquants
24;M. Díaz;24 ans;19;4;-;20182019;Attaquants
24;M. Díaz;28 ans;12;-;-;20222023;Attaquants
16;M. Kovačić;20 ans;34;1;2;20152016;Milieux
16;M. Kovačić;21 ans;42;2;4;20162017;Milieux
16;M. Kovačić;22 ans;39;1;3;20172018;Milieux
16;M. Kovačić;23 ans;-;-;-;20182019;Milieux
26;M. Ødegaard;16 ans;6;-;-;20152016;Milieux
26;M. Ødegaard;15 ans;-;-;-;20142015;Milieux
26;M. Ødegaard;17 ans;12;-;3;20162017;Attaquants
21;M. Ødegaard;22 ans;2;-;-;20212022;Milieux
26;M. Ødegaard;18 ans;-;-;-;20172018;Milieux
21;M. Ødegaard;20 ans;-;-;-;20192020;Milieux
21;M. Ødegaard;21 ans;9;-;-;20202021;Milieux
36;M. Ødegaard;19 ans;6;-;-;20182019;Milieux
33;Manu Hernando;18 ans;4;-;-;20172018;Défenseurs
12;Marcelo;26 ans;47;3;4;20152016;Défenseurs
12;Marcelo;25 ans;34;2;7;20142015;Défenseurs
12;Marcelo;27 ans;50;6;15;20162017;Défenseurs
12;Marcelo;32 ans;20;-;2;20212022;Défenseurs
12;Marcelo;28 ans;46;5;11;20172018;Défenseurs
12;Marcelo;30 ans;29;2;6;20192020;Défenseurs
12;Marcelo;31 ans;19;-;4;20202021;Défenseurs
12;Marcelo;29 ans;32;3;6;20182019;Défenseurs
12;Marcelo;33 ans;-;-;-;20222023;Défenseurs
27;Marco Asensio;18 ans;1;-;-;20152016;Milieux
11;Marco Asensio;19 ans;41;9;6;20162017;Attaquants
11;Marco Asensio;24 ans;42;12;2;20212022;Attaquants
11;Marco Asensio;20 ans;55;12;7;20172018;Milieux
11;Marco Asensio;22 ans;12;4;1;20192020;Attaquants
11;Marco Asensio;23 ans;48;7;2;20202021;Attaquants
11;Marco Asensio;21 ans;44;9;5;20182019;Attaquants
11;Marco Asensio;25 ans;54;13;9;20222023;Attaquants
36;Marcos Llorente;19 ans;6;-;-;20152016;Milieux
36;Marcos Llorente;18 ans;-;-;-;20142015;Milieux
36;Marcos Llorente;20 ans;3;-;-;20162017;Milieux
18;Marcos Llorente;21 ans;23;-;1;20172018;Milieux
18;Marcos Llorente;23 ans;-;-;-;20192020;Milieux
18;Marcos Llorente;22 ans;18;2;-;20182019;Milieux
43;Mario de Luis;19 ans;-;-;-;20222023;Gardiens
34;Mario Gila;20 ans;3;-;-;20212022;Défenseurs
34;Mario Gila;21 ans;-;-;-;20222023;Défenseurs
31;Mario Martín;17 ans;1;-;-;20222023;Milieux
31;Mario Martín;19 ans;-;-;-;20232024;Milieux
21;Mario Rodríguez;19 ans;-;-;-;20172018;Milieux
32;Marvel;18 ans;-;-;-;20222023;Défenseurs
32;Marvel;20 ans;-;-;-;20232024;Défenseurs
28;Marvin Park;20 ans;2;-;-;20212022;Milieux
28;Marvin Park;19 ans;4;-;1;20202021;Milieux
;Melero;19 ans;-;-;-;20142015;Milieux
17;Miguel Garci;18 ans;-;-;-;20162017;Attaquants
;Miguel Garci;19 ans;-;-;-;20172018;Attaquants
35;Miguel Gutiérrez;19 ans;6;-;1;20212022;Défenseurs
35;Miguel Gutiérrez;17 ans;1;-;-;20192020;Défenseurs
35;Miguel Gutiérrez;18 ans;6;-;1;20202021;Défenseurs
35;Miguel Gutiérrez;20 ans;-;-;-;20222023;Défenseurs
1;Moha Ramos;16 ans;-;-;-;20172018;Gardiens
;Moha Ramos;18 ans;-;-;-;20192020;Gardiens
32;N. Paz;17 ans;-;-;-;20222023;Milieux
32;N. Paz;19 ans;1;-;-;20232024;Milieux
6;Nacho;24 ans;28;2;-;20152016;Défenseurs
6;Nacho;23 ans;14;1;-;20142015;Défenseurs
6;Nacho;25 ans;43;4;3;20162017;Défenseurs
6;Nacho;30 ans;44;3;-;20212022;Défenseurs
6;Nacho;26 ans;46;4;-;20172018;Défenseurs
6;Nacho;28 ans;16;4;-;20192020;Défenseurs
6;Nacho;29 ans;33;1;-;20202021;Défenseurs
6;Nacho;27 ans;33;-;1;20182019;Défenseurs
6;Nacho;31 ans;47;1;1;20222023;Défenseurs
6;Nacho;33 ans;9;-;-;20232024;Défenseurs
3;Nani;17 ans;-;-;-;20152016;Défenseurs
19;Odriozola;25 ans;1;-;-;20212022;Défenseurs
19;Odriozola;23 ans;20;-;2;20192020;Défenseurs
19;Odriozola;24 ans;16;2;-;20202021;Défenseurs
19;Odriozola;22 ans;48;2;12;20182019;Défenseurs
16;Odriozola;26 ans;7;-;-;20222023;Défenseurs
;Omar Mascarell;22 ans;-;-;-;20162017;Milieux
43;Óscar Aranda;18 ans;-;-;-;20212022;Attaquants
43;Óscar Aranda;17 ans;-;-;-;20202021;Attaquants
32;Óscar Rodríguez;18 ans;5;1;-;20172018;Attaquants
32;Óscar Rodríguez;19 ans;1;-;-;20182019;Milieux
32;P. Lienhart;18 ans;1;-;-;20152016;Défenseurs
;P. Lienhart;17 ans;-;-;-;20142015;Défenseurs
32;P. Lienhart;19 ans;4;-;-;20162017;Défenseurs
39;Pablo Ramón;19 ans;-;-;-;20212022;Défenseurs
39;Pablo Ramón;18 ans;-;-;-;20202021;Défenseurs
3;Pepe;31 ans;35;2;1;20152016;Défenseurs
3;Pepe;30 ans;27;2;2;20142015;Défenseurs
3;Pepe;32 ans;18;2;1;20162017;Défenseurs
3;Pepe;33 ans;-;-;-;20172018;Défenseurs
44;Peter;18 ans;3;-;-;20212022;Milieux
44;Peter;19 ans;-;-;-;20222023;Milieux
5;R. Varane;21 ans;38;1;-;20152016;Défenseurs
5;R. Varane;20 ans;27;-;-;20142015;Défenseurs
5;R. Varane;22 ans;42;4;2;20162017;Défenseurs
5;R. Varane;27 ans;-;-;-;20212022;Défenseurs
5;R. Varane;23 ans;46;-;1;20172018;Défenseurs
5;R. Varane;25 ans;48;3;1;20192020;Défenseurs
5;R. Varane;26 ans;41;2;-;20202021;Défenseurs
5;R. Varane;24 ans;40;2;-;20182019;Défenseurs
41;Rafa Marín;18 ans;-;-;-;20212022;Défenseurs
41;Rafa Marín;19 ans;-;-;-;20222023;Défenseurs
41;Raúl de Tomás;19 ans;-;-;-;20142015;Attaquants
26;Raúl de Tomás;23 ans;2;-;-;20182019;Attaquants
;Reinier;16 ans;-;-;-;20192020;Milieux
;Reinier;19 ans;-;-;-;20222023;Milieux
11;Rodrygo;19 ans;51;10;7;20212022;Attaquants
11;Rodrygo;17 ans;28;7;3;20192020;Attaquants
11;Rodrygo;18 ans;33;2;7;20202021;Attaquants
11;Rodrygo;20 ans;60;19;10;20222023;Attaquants
11;Rodrygo;22 ans;12;1;2;20232024;Attaquants
20;Rubén Pulido;18 ans;-;-;-;20192020;Défenseurs
25;Rubén Yáñez;21 ans;1;-;-;20152016;Gardiens
25;Rubén Yáñez;22 ans;4;-;-;20162017;Gardiens
25;Rubén Yáñez;23 ans;-;-;-;20172018;Gardiens
38;S. Díaz;17 ans;4;-;-;20162017;Attaquants
24;S. Khedira;26 ans;-;-;-;20142015;Milieux
32;Sergio Aguza;21 ans;-;-;-;20142015;Milieux
33;Sergio Arribas;19 ans;2;-;-;20212022;Milieux
33;Sergio Arribas;18 ans;10;-;-;20202021;Milieux
33;Sergio Arribas;20 ans;4;1;-;20222023;Milieux
31;Sergio López;18 ans;2;-;-;20182019;Défenseurs
4;Sergio Ramos;28 ans;38;3;2;20152016;Défenseurs
4;Sergio Ramos;27 ans;27;4;1;20142015;Défenseurs
4;Sergio Ramos;29 ans;45;10;2;20162017;Défenseurs
4;Sergio Ramos;34 ans;-;-;-;20212022;Défenseurs
4;Sergio Ramos;30 ans;43;5;1;20172018;Défenseurs
4;Sergio Ramos;32 ans;49;13;-;20192020;Défenseurs
4;Sergio Ramos;33 ans;21;4;1;20202021;Défenseurs
4;Sergio Ramos;31 ans;40;10;1;20182019;Défenseurs
;Sergio Reguilón;19 ans;-;-;-;20162017;Défenseurs
23;Sergio Reguilón;20 ans;-;-;-;20172018;Défenseurs
23;Sergio Reguilón;22 ans;-;-;-;20192020;Défenseurs
;Sergio Reguilón;23 ans;-;-;-;20202021;Défenseurs
23;Sergio Reguilón;21 ans;48;-;6;20182019;Défenseurs
43;Sergio Santos;19 ans;1;-;-;20212022;Défenseurs
43;Sergio Santos;18 ans;-;-;-;20202021;Défenseurs
43;Sergio Santos;20 ans;-;-;-;20222023;Défenseurs
;Sergio Santos;22 ans;-;-;-;20232024;Défenseurs
23;Sotillos;18 ans;-;-;-;20172018;Défenseurs
1;T. Courtois;28 ans;53;-;-;20212022;Gardiens
1;T. Courtois;26 ans;47;-;-;20192020;Gardiens
1;T. Courtois;27 ans;51;-;-;20202021;Gardiens
1;T. Courtois;25 ans;35;-;-;20182019;Gardiens
1;T. Courtois;29 ans;51;-;-;20222023;Gardiens
1;T. Courtois;31 ans;-;-;-;20232024;Gardiens
15;T. Hernández;19 ans;27;-;3;20172018;Défenseurs
;T. Hernández;21 ans;-;-;-;20192020;Défenseurs
15;T. Hernández;20 ans;1;-;1;20182019;Défenseurs
8;T. Kroos;24 ans;50;1;11;20152016;Milieux
8;T. Kroos;23 ans;36;2;7;20142015;Milieux
8;T. Kroos;25 ans;49;4;18;20162017;Milieux
8;T. Kroos;30 ans;45;3;3;20212022;Milieux
8;T. Kroos;26 ans;44;5;8;20172018;Milieux
8;T. Kroos;28 ans;51;6;9;20192020;Milieux
8;T. Kroos;29 ans;42;3;12;20202021;Milieux
8;T. Kroos;27 ans;43;1;6;20182019;Milieux
8;T. Kroos;31 ans;55;2;6;20222023;Milieux
8;T. Kroos;33 ans;12;1;2;20232024;Milieux
26;T. Kubo;17 ans;4;-;-;20192020;Milieux
;T. Kubo;18 ans;-;-;-;20202021;Milieux
;T. Kubo;20 ans;-;-;-;20222023;Milieux
12;Tati;18 ans;-;-;-;20172018;Milieux
40;Tomás Mejías;24 ans;-;-;-;20142015;Gardiens
40;Toni Fuidias;19 ans;-;-;-;20212022;Gardiens
30;Toni Fuidias;17 ans;-;-;-;20192020;Gardiens
40;Toni Fuidias;20 ans;-;-;-;20222023;Gardiens
17;Toni Segura;17 ans;-;-;-;20162017;Milieux
5;Vallejo;23 ans;8;-;-;20212022;Défenseurs
3;Vallejo;19 ans;28;-;-;20172018;Défenseurs
3;Vallejo;21 ans;-;-;-;20192020;Défenseurs
5;Vallejo;22 ans;-;-;-;20202021;Défenseurs
3;Vallejo;20 ans;16;2;-;20182019;Défenseurs
5;Vallejo;24 ans;7;-;1;20222023;Défenseurs
;Víctor Campuzano;18 ans;-;-;-;20162017;Attaquants
32;Víctor Chust;20 ans;2;-;-;20212022;Défenseurs
32;Víctor Chust;19 ans;3;-;-;20202021;Défenseurs
;Víctor Chust;21 ans;-;-;-;20222023;Défenseurs
;Víctor Chust;23 ans;-;-;-;20232024;Défenseurs
7;Vinícius Júnior;20 ans;53;22;16;20212022;Attaquants
7;Vinícius Júnior;18 ans;44;5;4;20192020;Milieux
7;Vinícius Júnior;19 ans;49;6;4;20202021;Attaquants
7;Vinícius Júnior;17 ans;32;4;9;20182019;Attaquants
7;Vinícius Júnior;21 ans;58;23;19;20222023;Attaquants
7;Vinícius Júnior;23 ans;8;4;1;20232024;Attaquants
27;Vinícius Tobias;17 ans;1;-;-;20222023;Défenseurs
27;Vinícius Tobias;19 ans;-;-;-;20232024;Défenseurs
22;Xabi Alonso;32 ans;-;-;-;20142015;Milieux
28;Zekri;18 ans;-;-;-;20192020;Défenseurs
