;Casillas;21 ans;37;-;-;-;-;20032004;Gardiens;
25;César;31 ans;1;-;-;-;-;20032004;Gardiens;
42;Diego López;21 ans;-;-;-;-;-;20032004;Gardiens;     
2;Míchel Salgado;27 ans;35;1;-;-;-;20032004;Défenseurs;
3;Roberto Carlos;29 ans;32;5;-;-;-;20032004;Défenseurs;
4;Rubén González;20 ans;4;-;-;-;-;20032004;Défenseurs; 
6;Iván Helguera;27 ans;29;1;-;-;-;20032004;Défenseurs; 
15;Raúl Bravo;21 ans;32;1;-;-;-;20032004;Défenseurs;   
17;Miñambres;21 ans;1;-;-;-;-;20032004;Défenseurs;     
22;Francisco Pavón;22 ans;29;1;-;-;-;20032004;Défenseurs;
28;Olalla;22 ans;-;-;-;-;-;20032004;Défenseurs;
33;Álvaro Mejía;20 ans;9;-;-;-;-;20032004;Défenseurs;
34;Juanfran;17 ans;10;-;-;-;-;20032004;Défenseurs;
39;Arbeloa;19 ans;-;-;-;-;-;20032004;Défenseurs;
41;Paredes;20 ans;-;-;-;-;-;20032004;Défenseurs;
5;Z. Zidane;30 ans;33;7;-;-;-;20032004;Milieux;
8;Borja Fernández;21 ans;15;-;-;-;-;20032004;Milieux;
10;Luis Figo;30 ans;36;9;-;-;-;20032004;Milieux;
14;Guti;26 ans;26;2;-;-;-;20032004;Milieux;
19;E. Cambiasso;22 ans;17;-;-;-;-;20032004;Milieux;
20;Celades;27 ans;-;-;-;-;-;20032004;Milieux;
21;S. Solari;26 ans;34;5;-;-;-;20032004;Milieux;
23;D. Beckham;27 ans;32;3;-;-;-;20032004;Milieux;
31;Jordi López;21 ans;2;-;-;-;-;20032004;Milieux;
35;José Jurado;16 ans;-;-;-;-;-;20032004;Milieux;
7;Raúl;25 ans;35;11;-;-;-;20032004;Attaquants;
9;Morientes;26 ans;1;-;-;-;-;20032004;Attaquants;
9;Ronaldo;26 ans;32;23;-;-;-;20032004;Attaquants;
11;Javi Portillo;20 ans;36;2;-;-;-;20032004;Attaquants;
18;Antonio Núñez;23 ans;11;1;-;-;-;20032004;Attaquants;
29;Riki;22 ans;-;-;-;-;-;20032004;Attaquants;
36;Soldado;17 ans;-;-;-;-;-;20032004;Attaquants;
;Casillas;25 ans;36;-;-;130;1;20072008;Gardiens;
25;J. Dudek;33 ans;1;-;-;8;-;20072008;Gardiens;
30;Codina;24 ans;1;-;-;5;-;20072008;Gardiens;
2;Míchel Salgado;31 ans;-;-;-;-;-;20072008;Défenseurs;
3;Pepe;23 ans;19;-;-;35;30;20072008;Défenseurs;
4;Sergio Ramos;20 ans;33;5;4;85;47;20072008;Défenseurs;
5;F. Cannavaro;33 ans;-;-;-;-;-;20072008;Défenseurs;
12;Marcelo;18 ans;24;-;2;76;36;20072008;Défenseurs;
16;G. Heinze;28 ans;-;-;-;-;-;20072008;Défenseurs;
21;C. Metzelder;26 ans;9;-;-;9;4;20072008;Défenseurs;
38;Miguel Torres;20 ans;20;-;-;47;12;20072008;Défenseurs;
;Adrián;18 ans;-;-;-;-;-;20072008;Milieux;
;Granero;19 ans;-;-;-;-;-;20072008;Milieux;
6;M. Diarra;25 ans;30;-;1;1545;13;20072008;Milieux;
10;Robinho;22 ans;32;11;8;950;58;20072008;Milieux;
11;A. Robben;22 ans;21;4;3;407;26;20072008;Milieux;
14;Guti;30 ans;-;-;-;-;-;20072008;Milieux;
15;R. Drenthe;19 ans;36;4;4;570;6;20072008;Milieux;
16;F. Gago;20 ans;31;-;4;1467;8;20072008;Milieux;
23;W. Sneijder;22 ans;30;9;6;1360;68;20072008;Milieux;
31;De la Red;21 ans;-;-;-;-;-;20072008;Milieux;
7;Raúl;29 ans;37;18;3;66;32;20072008;Attaquants;
9;Soldado;21 ans;5;-;-;3;-;20072008;Attaquants;
17;R. van Nistelrooij;30 ans;24;16;6;46;16;20072008;Attaquants;
18;J. Saviola;25 ans;9;3;-;6;8;20072008;Attaquants;
19;Júlio Baptista;25 ans;27;3;1;28;22;20072008;Attaquants;
20;G. Higuaín;19 ans;25;8;3;33;21;20072008;Attaquants;
24;Javier Balboa;21 ans;5;-;1;-;5;20072008;Attaquants;
;Casillas;23 ans;37;-;-;131;1;20052006;Gardiens;
30;Codina;22 ans;-;-;-;-;-;20052006;Gardiens;
42;Diego López;23 ans;2;-;-;3;-;20052006;Gardiens;
42;Cobeño;22 ans;-;-;-;-;-;20052006;Gardiens;
;C. Diogo;21 ans;13;-;-;23;15;20052006;Défenseurs;
;Filipe Luís;19 ans;-;-;-;-;-;20052006;Défenseurs;
2;Míchel Salgado;29 ans;27;-;-;48;18;20052006;Défenseurs;
3;Roberto Carlos;31 ans;35;5;6;69;35;20052006;Défenseurs;
4;Sergio Ramos;18 ans;33;4;-;64;44;20052006;Défenseurs;
6;Iván Helguera;29 ans;19;-;1;27;12;20052006;Défenseurs;
11;Cicinho;24 ans;19;2;3;32;14;20052006;Défenseurs;
15;Raúl Bravo;23 ans;15;2;-;18;12;20052006;Défenseurs;
18;J. Woodgate;24 ans;9;-;-;12;6;20052006;Défenseurs;
22;Francisco Pavón;24 ans;10;-;-;21;9;20052006;Défenseurs;
33;Álvaro Mejía;22 ans;17;1;-;25;12;20052006;Défenseurs;
39;Arbeloa;21 ans;-;-;-;-;-;20052006;Défenseurs;
43;Rubén González;22 ans;-;-;-;-;-;20052006;Défenseurs;
5;Z. Zidane;32 ans;-;-;-;-;-;20052006;Milieux;
10;Robinho;20 ans;37;8;2;936;69;20052006;Milieux;
12;P. García;27 ans;44;-;-;1560;10;20052006;Milieux;
14;Guti;28 ans;-;-;-;-;-;20052006;Milieux;
16;T. Gravesen;28 ans;17;-;-;439;4;20052006;Milieux;
23;D. Beckham;29 ans;31;3;10;1685;38;20052006;Milieux;
31;De la Red;19 ans;3;-;-;26;1;20052006;Milieux;
33;José Jurado;18 ans;3;-;-;6;-;20052006;Milieux;
35;Javi García;17 ans;-;-;-;-;-;20052006;Milieux;
38;Marcos Tébar;18 ans;-;-;-;-;-;20052006;Milieux;
39;Borja Valero;19 ans;-;-;-;-;-;20052006;Milieux;
40;Adrián Martín;22 ans;-;-;-;-;-;20052006;Milieux;
;David Barral;21 ans;-;-;-;-;-;20052006;Attaquants;
7;Raúl;27 ans;26;5;3;30;10;20052006;Attaquants;
8;Júlio Baptista;23 ans;32;8;2;60;23;20052006;Attaquants;
9;Ronaldo;28 ans;23;14;2;61;25;20052006;Attaquants;
17;Javi Portillo;22 ans;-;-;-;-;-;20052006;Attaquants;
19;A. Cassano;22 ans;12;1;2;12;2;20052006;Attaquants;
35;Javier Balboa;19 ans;2;-;-;-;3;20052006;Attaquants;
36;Soldado;19 ans;11;2;-;11;-;20052006;Attaquants;
;Casillas;22 ans;37;-;-;-;-;20042005;Gardiens;
25;César;32 ans;2;-;-;-;-;20042005;Gardiens;
42;Diego López;22 ans;-;-;-;-;-;20042005;Gardiens;
2;Míchel Salgado;28 ans;30;2;-;-;-;20042005;Défenseurs;
3;Roberto Carlos;30 ans;34;3;-;-;-;20042005;Défenseurs;
6;Iván Helguera;28 ans;34;3;-;-;-;20042005;Défenseurs;
15;Raúl Bravo;22 ans;14;-;-;-;-;20042005;Défenseurs;
18;J. Woodgate;23 ans;-;-;-;-;-;20042005;Défenseurs;
19;W. Samuel;25 ans;30;2;-;-;-;20042005;Défenseurs;
22;Francisco Pavón;23 ans;17;-;-;-;-;20042005;Défenseurs;
28;Palencia;19 ans;2;-;-;-;-;20042005;Défenseurs;
33;Álvaro Mejía;21 ans;5;-;-;-;-;20042005;Défenseurs;
34;Juanfran;18 ans;1;-;-;-;-;20042005;Défenseurs;
39;Arbeloa;20 ans;2;-;-;-;-;20042005;Défenseurs;
5;Z. Zidane;31 ans;29;6;-;-;-;20042005;Milieux;
8;Borja Fernández;22 ans;8;-;-;-;-;20042005;Milieux;
10;Luis Figo;31 ans;33;3;-;-;-;20042005;Milieux;
14;Guti;27 ans;31;-;-;-;-;20042005;Milieux;
16;T. Gravesen;27 ans;17;1;-;-;-;20042005;Milieux;
20;Celades;28 ans;22;-;-;-;-;20042005;Milieux;
21;S. Solari;27 ans;27;3;-;-;-;20042005;Milieux;
23;D. Beckham;28 ans;30;4;-;-;-;20042005;Milieux;
31;De la Red;18 ans;-;-;-;-;-;20042005;Milieux;
33;José Jurado;17 ans;-;-;-;-;-;20042005;Milieux;
35;Javi García;16 ans;3;-;-;-;-;20042005;Milieux;
43;Jotha;21 ans;1;-;-;-;-;20042005;Milieux;
7;Raúl;26 ans;32;9;-;-;-;20042005;Attaquants;
8;Morientes;27 ans;12;-;-;-;-;20042005;Attaquants;
9;Ronaldo;27 ans;34;21;-;-;-;20042005;Attaquants;
11;M. Owen;24 ans;36;13;-;-;-;20042005;Attaquants;
17;Javi Portillo;21 ans;3;-;-;-;-;20042005;Attaquants;
;Casillas;24 ans;38;-;-;-;-;20062007;Gardiens;
30;Codina;23 ans;-;-;-;-;-;20062007;Gardiens;
42;Diego López;24 ans;-;-;-;-;-;20062007;Gardiens;
;Sergio Díaz;20 ans;-;-;-;-;-;20062007;Défenseurs;
2;Míchel Salgado;30 ans;16;-;-;-;-;20062007;Défenseurs;
3;Roberto Carlos;32 ans;23;3;-;-;-;20062007;Défenseurs;
4;Sergio Ramos;19 ans;33;5;-;-;-;20062007;Défenseurs;
5;F. Cannavaro;32 ans;32;-;-;-;-;20062007;Défenseurs;
6;Iván Helguera;30 ans;23;1;-;-;-;20062007;Défenseurs;
11;Cicinho;25 ans;7;-;-;-;-;20062007;Défenseurs;
12;Marcelo;17 ans;6;-;-;-;-;20062007;Défenseurs;
15;Raúl Bravo;24 ans;8;-;-;-;-;20062007;Défenseurs;
18;J. Woodgate;25 ans;-;-;-;-;-;20062007;Défenseurs;
22;Francisco Pavón;25 ans;-;-;-;-;-;20062007;Défenseurs;
25;Miñambres;24 ans;-;-;-;-;-;20062007;Défenseurs;
33;Álvaro Mejía;23 ans;9;-;-;-;-;20062007;Défenseurs;
38;Miguel Torres;19 ans;18;-;-;-;-;20062007;Défenseurs;
;Adrián;17 ans;-;-;-;-;-;20062007;Milieux;
6;M. Diarra;24 ans;33;3;-;-;-;20062007;Milieux;
8;Émerson;29 ans;28;1;-;-;-;20062007;Milieux;
10;Robinho;21 ans;32;6;-;-;-;20062007;Milieux;
12;P. García;28 ans;-;-;-;-;-;20062007;Milieux;
14;Guti;29 ans;30;1;-;-;-;20062007;Milieux;
16;F. Gago;19 ans;13;-;-;-;-;20062007;Milieux;
19;José Antonio Reyes;22 ans;30;6;-;-;-;20062007;Milieux;
23;D. Beckham;30 ans;23;3;-;-;-;20062007;Milieux;
31;De la Red;20 ans;7;-;-;-;-;20062007;Milieux;
35;Javi García;18 ans;-;-;-;-;-;20062007;Milieux;
36;Nieto;19 ans;2;-;-;-;-;20062007;Milieux;
39;Borja Valero;20 ans;-;-;-;-;-;20062007;Milieux;
7;Raúl;28 ans;35;7;-;-;-;20062007;Attaquants;
8;Júlio Baptista;24 ans;-;-;-;-;-;20062007;Attaquants;
9;Ronaldo;29 ans;7;1;-;-;-;20062007;Attaquants;
17;R. van Nistelrooij;29 ans;37;25;-;-;-;20062007;Attaquants;
19;A. Cassano;23 ans;7;1;-;-;-;20062007;Attaquants;
20;G. Higuaín;18 ans;19;2;-;-;-;20062007;Attaquants;
;Casillas;26 ans;38;-;-;-;-;20082009;Gardiens;
25;J. Dudek;34 ans;-;-;-;-;-;20082009;Gardiens;
30;Codina;25 ans;-;-;-;-;-;20082009;Gardiens;
2;Míchel Salgado;32 ans;9;-;-;-;-;20082009;Défenseurs;
3;Pepe;24 ans;26;-;-;-;-;20082009;Défenseurs;
4;Sergio Ramos;21 ans;32;4;-;-;-;20082009;Défenseurs;
5;F. Cannavaro;34 ans;29;-;-;-;-;20082009;Défenseurs;
12;Marcelo;19 ans;27;4;-;-;-;20082009;Défenseurs;
16;G. Heinze;29 ans;24;2;-;-;-;20082009;Défenseurs;
21;C. Metzelder;27 ans;12;-;-;-;-;20082009;Défenseurs;
27;Velayos;20 ans;-;-;-;-;-;20082009;Défenseurs;
32;Chema Antón;18 ans;-;-;-;-;-;20082009;Défenseurs;
34;Agus;22 ans;-;-;-;-;-;20082009;Défenseurs;
36;G. Kagelmacher;19 ans;1;-;-;-;-;20082009;Défenseurs;
38;Miguel Torres;21 ans;14;-;-;-;-;20082009;Défenseurs;
6;M. Diarra;26 ans;9;-;-;-;-;20082009;Milieux;
6;L. Diarra;22 ans;19;-;-;-;-;20082009;Milieux;
10;Robinho;23 ans;-;-;-;-;-;20082009;Milieux;
11;A. Robben;23 ans;29;7;-;-;-;20082009;Milieux;
14;Guti;31 ans;18;3;-;-;-;20082009;Milieux;
15;R. Drenthe;20 ans;40;-;-;-;-;20082009;Milieux;
16;F. Gago;21 ans;26;1;-;-;-;20082009;Milieux;
17;Dani Parejo;18 ans;5;-;-;-;-;20082009;Milieux;
18;J. Faubert;24 ans;2;-;-;-;-;20082009;Milieux;
23;R. van der Vaart;24 ans;32;5;-;-;-;20082009;Milieux;
23;W. Sneijder;23 ans;22;2;-;-;-;20082009;Milieux;
24;Javi García;20 ans;15;-;-;-;-;20082009;Milieux;
31;De la Red;22 ans;7;1;-;-;-;20082009;Milieux;
35;Palanca;20 ans;3;-;-;-;-;20082009;Milieux;
38;Marcos Tébar;21 ans;1;-;-;-;-;20082009;Milieux;
;Jesús Berrocal;19 ans;-;-;-;-;-;20082009;Attaquants;
7;Raúl;30 ans;37;18;-;-;-;20082009;Attaquants;
17;R. van Nistelrooij;31 ans;6;4;-;-;-;20082009;Attaquants;
18;J. Saviola;26 ans;8;1;-;-;-;20082009;Attaquants;
19;K. Huntelaar;24 ans;20;8;-;-;-;20082009;Attaquants;
20;G. Higuaín;20 ans;34;22;-;-;-;20082009;Attaquants;
28;Alberto Bueno;19 ans;3;-;-;-;-;20082009;Attaquants;
;Casillas;27 ans;38;-;-;-;-;20092010;Gardiens;
25;J. Dudek;35 ans;-;-;-;-;-;20092010;Gardiens;
25;Adán;21 ans;-;-;-;-;-;20092010;Gardiens;
40;Tomás Mejías;19 ans;-;-;-;-;-;20092010;Gardiens;
2;Arbeloa;25 ans;30;2;-;-;-;20092010;Défenseurs;
3;Pepe;25 ans;10;1;-;-;-;20092010;Défenseurs;
4;Sergio Ramos;22 ans;33;4;-;-;-;20092010;Défenseurs;
12;Marcelo;20 ans;35;4;-;-;-;20092010;Défenseurs;
18;Raúl Albiol;23 ans;33;-;-;-;-;20092010;Défenseurs;
19;E. Garay;22 ans;20;1;-;-;-;20092010;Défenseurs;
21;C. Metzelder;28 ans;2;-;-;-;-;20092010;Défenseurs;
28;Marcos Alonso;18 ans;1;-;-;-;-;20092010;Défenseurs;
32;David Mateos;21 ans;-;-;-;-;-;20092010;Défenseurs;
36;Juanfran;20 ans;1;-;-;-;-;20092010;Défenseurs;
38;Miguel Torres;22 ans;-;-;-;-;-;20092010;Défenseurs;
6;M. Diarra;27 ans;15;-;-;-;-;20092010;Milieux;
6;L. Diarra;23 ans;23;1;-;-;-;20092010;Milieux;
8;Kaká;26 ans;25;8;-;-;-;20092010;Milieux;
14;Guti;32 ans;26;2;-;-;-;20092010;Milieux;
15;R. Drenthe;21 ans;16;-;-;-;-;20092010;Milieux;
16;F. Gago;22 ans;18;-;-;-;-;20092010;Milieux;
22;Xabi Alonso;27 ans;34;3;-;-;-;20092010;Milieux;
23;R. van der Vaart;25 ans;26;6;-;-;-;20092010;Milieux;
24;Granero;21 ans;31;3;-;-;-;20092010;Milieux;
30;Pedro Mosquera;20 ans;9;-;-;-;-;20092010;Milieux;
;Á. Szalai;21 ans;-;-;-;-;-;20092010;Attaquants;
7;Raúl;31 ans;30;5;-;-;-;20092010;Attaquants;
9;Cristiano Ronaldo;23 ans;29;26;-;-;-;20092010;Attaquants;
9;K. Benzema;21 ans;27;8;-;-;-;20092010;Attaquants;
17;R. van Nistelrooij;32 ans;1;1;-;-;-;20092010;Attaquants;
20;G. Higuaín;21 ans;32;27;-;-;-;20092010;Attaquants;
27;J. Acuña;20 ans;-;-;-;-;-;20092010;Attaquants;
33;Rodrigo;17 ans;-;-;-;-;-;20092010;Attaquants;
34;Raúl Ruiz;18 ans;-;-;-;-;-;20092010;Attaquants;
;Casillas;29 ans;37;-;-;-;-;20112012;Gardiens;
25;Adán;23 ans;1;-;-;-;-;20112012;Gardiens;
25;Fernando Pacheco;18 ans;-;-;-;-;-;20112012;Gardiens;
28;Jesús;22 ans;-;-;-;-;-;20112012;Gardiens;
40;Tomás Mejías;21 ans;-;-;-;-;-;20112012;Gardiens;
;Raúl Ruiz;20 ans;-;-;-;-;-;20112012;Défenseurs;
;Pedro Mendes;20 ans;-;-;-;-;-;20112012;Défenseurs;
2;Ricardo Carvalho;32 ans;8;-;-;-;-;20112012;Défenseurs;
2;Arbeloa;27 ans;26;-;-;-;-;20112012;Défenseurs;
3;Pepe;27 ans;29;1;-;-;-;20112012;Défenseurs;
4;Sergio Ramos;24 ans;34;3;-;-;-;20112012;Défenseurs;
5;R. Varane;17 ans;9;1;-;-;-;20112012;Défenseurs;
6;Nacho;20 ans;-;-;-;-;-;20112012;Défenseurs;
12;Marcelo;22 ans;32;3;-;-;-;20112012;Défenseurs;
15;Fábio Coentrão;22 ans;40;-;-;-;-;20112012;Défenseurs;
18;Raúl Albiol;25 ans;10;-;-;-;-;20112012;Défenseurs;
34;Casado;21 ans;-;-;-;-;-;20112012;Défenseurs;
;Antonio Martínez;20 ans;-;-;-;-;-;20112012;Milieux;
;R. Drenthe;23 ans;-;-;-;-;-;20112012;Milieux;
5;N. Şahin;22 ans;4;-;-;-;-;20112012;Milieux;
6;L. Diarra;25 ans;17;-;-;-;-;20112012;Milieux;
8;Kaká;28 ans;27;5;-;-;-;20112012;Milieux;
16;F. Gago;24 ans;-;-;-;-;-;20112012;Milieux;
16;Hamit Altıntop;28 ans;5;1;-;-;-;20112012;Milieux;
21;Pedro León;24 ans;-;-;-;-;-;20112012;Milieux;
22;Xabi Alonso;29 ans;36;1;-;-;-;20112012;Milieux;
22;Á. Di María;22 ans;23;5;-;-;-;20112012;Milieux;
23;M. Özil;22 ans;35;4;-;-;-;20112012;Milieux;
24;Granero;23 ans;17;-;-;-;-;20112012;Milieux;
24;S. Khedira;23 ans;28;2;-;-;-;20112012;Milieux;
40;Andy;20 ans;-;-;-;-;-;20112012;Milieux;
9;K. Benzema;23 ans;34;21;-;-;-;20112012;Attaquants;
9;Cristiano Ronaldo;25 ans;38;46;-;-;-;20112012;Attaquants;
20;G. Higuaín;23 ans;35;22;-;-;-;20112012;Attaquants;
21;José Callejón;23 ans;25;5;-;-;-;20112012;Attaquants;
28;Jesé;17 ans;1;-;-;-;-;20112012;Attaquants;
29;Álvaro Morata;18 ans;1;-;-;-;-;20112012;Attaquants;
37;M. Díaz;17 ans;-;-;-;-;-;20112012;Attaquants;
39;Joselu;20 ans;-;-;-;-;-;20112012;Attaquants;
;Casillas;30 ans;19;-;-;-;-;20122013;Gardiens;
25;Adán;24 ans;3;-;-;-;-;20122013;Gardiens;
25;Diego López;30 ans;16;-;-;-;-;20122013;Gardiens;
25;Fernando Pacheco;19 ans;-;-;-;-;-;20122013;Gardiens;
28;Jesús;23 ans;1;-;-;-;-;20122013;Gardiens;
;David Mateos;24 ans;-;-;-;-;-;20122013;Défenseurs;
2;Ricardo Carvalho;33 ans;9;-;-;-;-;20122013;Défenseurs;
2;Arbeloa;28 ans;26;-;-;-;-;20122013;Défenseurs;
3;Pepe;28 ans;28;1;-;-;-;20122013;Défenseurs;
4;Sergio Ramos;25 ans;26;4;-;-;-;20122013;Défenseurs;
5;R. Varane;18 ans;15;-;-;-;-;20122013;Défenseurs;
6;Nacho;21 ans;9;-;-;-;-;20122013;Défenseurs;
12;Marcelo;23 ans;14;-;-;-;-;20122013;Défenseurs;
15;Fábio Coentrão;23 ans;32;2;-;-;-;20122013;Défenseurs;
18;Raúl Albiol;26 ans;18;1;-;-;-;20122013;Défenseurs;
36;Juanfran;23 ans;-;-;-;-;-;20122013;Défenseurs;
37;Diego Llorente;18 ans;1;-;-;-;-;20122013;Défenseurs;
;Jota Peleteiro;20 ans;-;-;-;-;-;20122013;Milieux;
;Miguel Herranz;18 ans;-;-;-;-;-;20122013;Milieux;
;D. Cheryshev;21 ans;-;-;-;-;-;20122013;Milieux;
;Antonio Martínez;21 ans;-;-;-;-;-;20122013;Milieux;
;J. Narváez;16 ans;-;-;-;-;-;20122013;Milieux;
5;N. Şahin;23 ans;-;-;-;-;-;20122013;Milieux;
6;L. Diarra;26 ans;2;-;-;-;-;20122013;Milieux;
8;Kaká;29 ans;19;3;-;-;-;20122013;Milieux;
10;L. Modrić;26 ans;33;3;-;-;-;20122013;Milieux;
15;M. Essien;29 ans;21;2;-;-;-;20122013;Milieux;
21;José Callejón;24 ans;30;3;-;-;-;20122013;Milieux;
22;Á. Di María;23 ans;32;7;-;-;-;20122013;Milieux;
22;Xabi Alonso;30 ans;28;-;-;-;-;20122013;Milieux;
23;M. Özil;23 ans;32;9;-;-;-;20122013;Milieux;
24;Granero;24 ans;-;-;-;-;-;20122013;Milieux;
24;S. Khedira;24 ans;25;3;-;-;-;20122013;Milieux;
30;Álex Fernández;19 ans;-;-;-;-;-;20122013;Milieux;
33;Fabinho;18 ans;1;-;-;-;-;20122013;Milieux;
34;José Rodríguez;17 ans;1;-;-;-;-;20122013;Milieux;
38;Casemiro;19 ans;1;-;-;-;-;20122013;Milieux;
39;Omar Mascarell;18 ans;3;-;-;-;-;20122013;Milieux;
9;K. Benzema;24 ans;30;11;-;-;-;20122013;Attaquants;
9;Cristiano Ronaldo;26 ans;34;34;-;-;-;20122013;Attaquants;
20;G. Higuaín;24 ans;28;16;-;-;-;20122013;Attaquants;
28;Jesé;18 ans;-;-;-;-;-;20122013;Attaquants;
29;Álvaro Morata;19 ans;12;2;-;-;-;20122013;Attaquants;
;Casillas;33 ans;-;-;-;-;-;20152016;Gardiens;
1;K. Navas;28 ans;51;-;-;121;3;20152016;Gardiens;
13;Kiko Casilla;28 ans;10;-;-;16;-;20152016;Gardiens;
25;Fernando Pacheco;22 ans;-;-;-;-;-;20152016;Gardiens;
25;Rubén Yáñez;21 ans;1;-;-;-;-;20152016;Gardiens;
2;Arbeloa;31 ans;15;-;-;12;15;20152016;Défenseurs;
2;Dani Carvajal;22 ans;36;1;4;30;55;20152016;Défenseurs;
3;Pepe;31 ans;35;2;1;30;74;20152016;Défenseurs;
3;Nani;17 ans;-;-;-;-;-;20152016;Défenseurs;
4;Sergio Ramos;28 ans;38;3;2;46;101;20152016;Défenseurs;
5;R. Varane;21 ans;38;1;-;28;52;20152016;Défenseurs;
6;Nacho;24 ans;28;2;-;22;45;20152016;Défenseurs;
12;Marcelo;26 ans;47;3;4;76;72;20152016;Défenseurs;
15;Fábio Coentrão;26 ans;-;-;-;-;-;20152016;Défenseurs;
23;Danilo;23 ans;37;2;6;65;67;20152016;Défenseurs;
32;P. Lienhart;18 ans;1;-;-;-;-;20152016;Défenseurs;
34;Álvaro Tejero;18 ans;1;-;-;-;-;20152016;Défenseurs;
8;T. Kroos;24 ans;50;1;11;3383;23;20152016;Milieux;
10;L. Modrić;29 ans;49;3;5;2981;28;20152016;Milieux;
10;J. Rodríguez;23 ans;36;9;8;1284;34;20152016;Milieux;
11;G. Bale;25 ans;37;19;12;952;91;20152016;Milieux;
14;Casemiro;22 ans;40;1;3;1687;23;20152016;Milieux;
16;M. Kovačić;20 ans;34;1;2;1089;10;20152016;Milieux;
16;Lucas Silva;21 ans;6;-;-;-;-;20152016;Milieux;
17;Lucas Vázquez;23 ans;39;4;8;772;19;20152016;Milieux;
21;D. Cheryshev;24 ans;12;2;1;45;5;20152016;Milieux;
22;Isco;22 ans;48;5;10;1678;40;20152016;Milieux;
24;Illarramendi;24 ans;3;-;-;-;-;20152016;Milieux;
26;M. Ødegaard;16 ans;6;-;-;-;-;20152016;Milieux;
27;José Carlos Lazo;18 ans;1;-;-;-;-;20152016;Milieux;
27;Marco Asensio;18 ans;1;-;-;-;-;20152016;Milieux;
36;Marcos Llorente;19 ans;6;-;-;21;-;20152016;Milieux;
9;K. Benzema;27 ans;39;29;7;107;34;20152016;Attaquants;
9;Cristiano Ronaldo;29 ans;53;52;15;256;60;20152016;Attaquants;
28;Jesé;21 ans;44;7;6;24;29;20152016;Attaquants;
37;M. Díaz;21 ans;-;-;-;-;-;20152016;Attaquants;
43;Borja Mayoral;17 ans;21;-;-;9;6;20152016;Attaquants;
;Casillas;28 ans;35;-;-;-;-;20102011;Gardiens;
25;J. Dudek;36 ans;1;-;-;-;-;20102011;Gardiens;
25;Fernando Pacheco;17 ans;-;-;-;-;-;20102011;Gardiens;
25;Adán;22 ans;3;-;-;-;-;20102011;Gardiens;
28;Jesús;21 ans;1;-;-;-;-;20102011;Gardiens;
40;Tomás Mejías;20 ans;1;-;-;-;-;20102011;Gardiens;
;Raúl Goni;21 ans;-;-;-;-;-;20102011;Défenseurs;
2;Arbeloa;26 ans;26;-;-;-;-;20102011;Défenseurs;
2;Ricardo Carvalho;31 ans;33;3;-;-;-;20102011;Défenseurs;
3;Pepe;26 ans;26;1;-;-;-;20102011;Défenseurs;
4;Sergio Ramos;23 ans;31;3;-;-;-;20102011;Défenseurs;
6;Nacho;19 ans;2;-;-;-;-;20102011;Défenseurs;
12;Marcelo;21 ans;32;3;-;-;-;20102011;Défenseurs;
18;Raúl Albiol;24 ans;20;-;-;-;-;20102011;Défenseurs;
19;E. Garay;23 ans;5;-;-;-;-;20102011;Défenseurs;
26;Juankar;19 ans;1;-;-;-;-;20102011;Défenseurs;
32;David Mateos;22 ans;-;-;-;-;-;20102011;Défenseurs;
34;Casado;20 ans;-;-;-;-;-;20102011;Défenseurs;
34;Raúl Ruiz;19 ans;-;-;-;-;-;20102011;Défenseurs;
36;Juanfran;21 ans;-;-;-;-;-;20102011;Défenseurs;
;Javi Hernández;20 ans;-;-;-;-;-;20102011;Milieux;
;Pablo Sarabia;17 ans;-;-;-;-;-;20102011;Milieux;
6;M. Diarra;28 ans;3;-;-;-;-;20102011;Milieux;
6;L. Diarra;24 ans;26;-;-;-;-;20102011;Milieux;
8;Kaká;27 ans;14;7;-;-;-;20102011;Milieux;
16;Sergio Canales;18 ans;10;-;-;-;-;20102011;Milieux;
16;F. Gago;23 ans;4;-;-;-;-;20102011;Milieux;
21;Pedro León;23 ans;6;-;-;-;-;20102011;Milieux;
22;Xabi Alonso;28 ans;34;-;-;-;-;20102011;Milieux;
22;Á. Di María;21 ans;35;6;-;-;-;20102011;Milieux;
23;R. van der Vaart;26 ans;-;-;-;-;-;20102011;Milieux;
23;M. Özil;21 ans;36;6;-;-;-;20102011;Milieux;
24;Granero;22 ans;19;1;-;-;-;20102011;Milieux;
24;S. Khedira;22 ans;25;-;-;-;-;20102011;Milieux;
30;Álex Fernández;17 ans;1;-;-;-;-;20102011;Milieux;
38;Mandi;20 ans;-;-;-;-;-;20102011;Milieux;
6;E. Adebayor;25 ans;14;5;-;-;-;20102011;Attaquants;
9;Cristiano Ronaldo;24 ans;34;40;-;-;-;20102011;Attaquants;
9;K. Benzema;22 ans;33;15;-;-;-;20102011;Attaquants;
20;G. Higuaín;22 ans;17;10;-;-;-;20102011;Attaquants;
29;Álvaro Morata;17 ans;1;-;-;-;-;20102011;Attaquants;
39;Joselu;19 ans;1;1;-;-;-;20102011;Attaquants;
;Casillas;31 ans;2;-;-;-;-;20132014;Gardiens;
25;Diego López;31 ans;36;-;-;-;-;20132014;Gardiens;
25;Adán;25 ans;-;-;-;-;-;20132014;Gardiens;
28;Jesús;24 ans;-;-;-;-;-;20132014;Gardiens;
;L. Cabrera;21 ans;-;-;-;-;-;20132014;Défenseurs;
;Kiko Femenía;21 ans;-;-;-;-;-;20132014;Défenseurs;
2;Dani Carvajal;20 ans;31;2;-;-;-;20132014;Défenseurs;
2;Arbeloa;29 ans;18;-;-;-;-;20132014;Défenseurs;
3;Pepe;29 ans;30;4;-;-;-;20132014;Défenseurs;
4;Sergio Ramos;26 ans;32;4;-;-;-;20132014;Défenseurs;
5;R. Varane;19 ans;14;-;-;-;-;20132014;Défenseurs;
6;Nacho;22 ans;12;-;-;-;-;20132014;Défenseurs;
12;Marcelo;24 ans;28;1;-;-;-;20132014;Défenseurs;
15;Fábio Coentrão;24 ans;20;-;-;-;-;20132014;Défenseurs;
37;Diego Llorente;19 ans;1;-;-;-;-;20132014;Défenseurs;
;Rai;19 ans;-;-;-;-;-;20132014;Milieux;
;Cristian Gómez;23 ans;-;-;-;-;-;20132014;Milieux;
8;Kaká;30 ans;-;-;-;-;-;20132014;Milieux;
9;Cristiano Ronaldo;27 ans;30;31;-;-;-;20132014;Milieux;
10;L. Modrić;27 ans;34;1;-;-;-;20132014;Milieux;
22;Xabi Alonso;31 ans;26;-;-;-;-;20132014;Milieux;
22;Isco;20 ans;32;8;-;-;-;20132014;Milieux;
23;M. Özil;24 ans;2;-;-;-;-;20132014;Milieux;
24;S. Khedira;25 ans;13;1;-;-;-;20132014;Milieux;
24;Illarramendi;22 ans;29;2;-;-;-;20132014;Milieux;
27;Lucas Vázquez;21 ans;-;-;-;-;-;20132014;Milieux;
30;Burgui;19 ans;-;-;-;-;-;20132014;Milieux;
34;José Rodríguez;18 ans;-;-;-;-;-;20132014;Milieux;
38;Casemiro;20 ans;12;-;-;-;-;20132014;Milieux;
39;Omar Mascarell;19 ans;-;-;-;-;-;20132014;Milieux;
;Pablo;20 ans;-;-;-;-;-;20132014;Attaquants;
;A. Rozzi;18 ans;-;-;-;-;-;20132014;Attaquants;
9;K. Benzema;25 ans;35;17;-;-;-;20132014;Attaquants;
11;G. Bale;23 ans;27;15;-;-;-;20132014;Attaquants;
22;Á. Di María;24 ans;34;4;-;-;-;20132014;Attaquants;
28;Jesé;19 ans;18;5;-;-;-;20132014;Attaquants;
29;Álvaro Morata;20 ans;23;8;-;-;-;20132014;Attaquants;
39;Willian José;21 ans;1;-;-;-;-;20132014;Attaquants;
41;Raúl de Tomás;18 ans;-;-;-;-;-;20132014;Attaquants;
;Casillas;32 ans;-;-;-;-;-;20142015;Gardiens;
1;K. Navas;27 ans;6;-;-;11;-;20142015;Gardiens;
25;Fernando Pacheco;21 ans;-;-;-;-;-;20142015;Gardiens;
25;Diego López;32 ans;-;-;-;-;-;20142015;Gardiens;
28;Jesús;25 ans;-;-;-;-;-;20142015;Gardiens;
40;Tomás Mejías;24 ans;-;-;-;-;-;20142015;Gardiens;
;P. Lienhart;17 ans;-;-;-;-;-;20142015;Défenseurs;
;Jaime Sánchez;18 ans;-;-;-;-;-;20142015;Défenseurs;
;G. Varela;20 ans;-;-;-;-;-;20142015;Défenseurs;
2;Arbeloa;30 ans;22;1;5;18;19;20142015;Défenseurs;
2;Dani Carvajal;21 ans;30;-;3;62;56;20142015;Défenseurs;
3;Pepe;30 ans;27;2;2;35;50;20142015;Défenseurs;
4;Sergio Ramos;27 ans;27;4;1;36;65;20142015;Défenseurs;
5;R. Varane;20 ans;27;-;-;25;52;20142015;Défenseurs;
6;Nacho;23 ans;14;1;-;16;22;20142015;Défenseurs;
12;Marcelo;25 ans;34;2;7;59;43;20142015;Défenseurs;
15;Fábio Coentrão;25 ans;18;-;-;14;14;20142015;Défenseurs;
34;Casado;24 ans;-;-;-;-;-;20142015;Défenseurs;
37;Diego Llorente;20 ans;-;-;-;-;-;20142015;Défenseurs;
42;Derik Osede;20 ans;-;-;-;-;-;20142015;Défenseurs;
;Jaime Romero;23 ans;-;-;-;-;-;20142015;Milieux;
;Lucas Torró;19 ans;-;-;-;-;-;20142015;Milieux;
;Melero;19 ans;-;-;-;-;-;20142015;Milieux;
8;T. Kroos;23 ans;36;2;7;2353;28;20142015;Milieux;
10;J. Rodríguez;22 ans;29;13;13;1431;39;20142015;Milieux;
10;L. Modrić;28 ans;16;1;3;971;12;20142015;Milieux;
16;Lucas Silva;20 ans;16;-;-;464;6;20142015;Milieux;
22;Xabi Alonso;32 ans;-;-;-;-;-;20142015;Milieux;
22;Isco;21 ans;34;4;9;1747;29;20142015;Milieux;
22;Á. Di María;25 ans;-;-;-;-;-;20142015;Milieux;
24;S. Khedira;26 ans;-;-;-;-;-;20142015;Milieux;
24;Illarramendi;23 ans;30;-;-;1008;4;20142015;Milieux;
26;Álvaro Medrán;19 ans;-;-;-;-;-;20142015;Milieux;
26;M. Ødegaard;15 ans;-;-;-;-;-;20142015;Milieux;
27;Lucas Vázquez;22 ans;-;-;-;-;-;20142015;Milieux;
30;Burgui;20 ans;-;-;-;-;-;20142015;Milieux;
32;Sergio Aguza;21 ans;-;-;-;-;-;20142015;Milieux;
34;José Rodríguez;19 ans;-;-;-;-;-;20142015;Milieux;
36;Marcos Llorente;18 ans;-;-;-;-;-;20142015;Milieux;
37;Javi Muñoz;18 ans;-;-;-;-;-;20142015;Milieux;
38;Casemiro;21 ans;-;-;-;-;-;20142015;Milieux;
;J. Hernández;25 ans;-;-;-;-;-;20142015;Attaquants;
9;Cristiano Ronaldo;28 ans;35;48;16;182;54;20142015;Attaquants;
9;K. Benzema;26 ans;29;15;10;57;32;20142015;Attaquants;
11;G. Bale;24 ans;31;13;9;84;65;20142015;Attaquants;
28;Jesé;20 ans;16;3;2;7;18;20142015;Attaquants;
29;Álvaro Morata;21 ans;-;-;-;-;-;20142015;Attaquants;
41;Raúl de Tomás;19 ans;-;-;-;-;-;20142015;Attaquants;
43;Borja Mayoral;16 ans;-;-;-;-;-;20142015;Attaquants;
;Alfonso Herrero;21 ans;-;-;-;-;-;20162017;Gardiens;
1;K. Navas;29 ans;41;-;-;120;-;20162017;Gardiens;
13;Kiko Casilla;29 ans;22;-;1;55;1;20162017;Gardiens;
25;Rubén Yáñez;22 ans;4;-;-;3;-;20162017;Gardiens;
30;L. Zidane;17 ans;-;-;-;-;-;20162017;Gardiens;
32;Á. Craninx;20 ans;-;-;-;-;-;20162017;Gardiens;
;Sergio Reguilón;19 ans;-;-;-;-;-;20162017;Défenseurs;
;Héctor Martínez;21 ans;-;-;-;-;-;20162017;Défenseurs;
;José León;20 ans;-;-;-;-;-;20162017;Défenseurs;
;Hermoso;20 ans;-;-;-;-;-;20162017;Défenseurs;
;Fran Rodríguez;20 ans;-;-;-;-;-;20162017;Défenseurs;
2;Dani Fernández;18 ans;-;-;-;-;-;20162017;Défenseurs;
2;Arbeloa;32 ans;-;-;-;-;-;20162017;Défenseurs;
2;Dani Carvajal;23 ans;44;-;11;72;81;20162017;Défenseurs;
3;Pepe;32 ans;18;2;1;15;30;20162017;Défenseurs;
4;Sergio Ramos;29 ans;45;10;2;51;100;20162017;Défenseurs;
5;R. Varane;22 ans;42;4;2;37;62;20162017;Défenseurs;
6;Nacho;25 ans;43;4;3;56;89;20162017;Défenseurs;
12;Marcelo;27 ans;50;6;15;61;79;20162017;Défenseurs;
15;Fábio Coentrão;27 ans;6;-;1;-;9;20162017;Défenseurs;
23;Danilo;24 ans;29;2;3;50;58;20162017;Défenseurs;
26;L. Quezada;19 ans;-;-;-;-;-;20162017;Défenseurs;
32;P. Lienhart;19 ans;4;-;-;2;-;20162017;Défenseurs;
34;A. Hakimi;17 ans;2;-;-;1;2;20162017;Défenseurs;
34;Álvaro Tejero;19 ans;6;-;1;2;11;20162017;Défenseurs;
;Omar Mascarell;22 ans;-;-;-;-;-;20162017;Milieux;
;Francisco Tena;22 ans;-;-;-;-;-;20162017;Milieux;
;Fran Ganfornina;19 ans;-;-;-;-;-;20162017;Milieux;
;Lucas Silva;22 ans;-;-;-;-;-;20162017;Milieux;
;Burgui;22 ans;-;-;-;-;-;20162017;Milieux;
;E. Zidane;20 ans;4;1;-;81;2;20162017;Milieux;
;Borja Sánchez;19 ans;-;-;-;-;-;20162017;Milieux;
;Álvaro Jiménez;20 ans;-;-;-;-;-;20162017;Milieux;
6;Álvaro Fidalgo;18 ans;-;-;-;-;-;20162017;Milieux;
7;F. Valverde;17 ans;-;-;-;-;-;20162017;Milieux;
8;T. Kroos;25 ans;49;4;18;3501;38;20162017;Milieux;
10;J. Rodríguez;24 ans;34;12;12;1301;47;20162017;Milieux;
10;L. Modrić;30 ans;42;1;3;2480;28;20162017;Milieux;
14;Casemiro;23 ans;45;6;3;2168;29;20162017;Milieux;
16;M. Kovačić;21 ans;42;2;4;1515;14;20162017;Milieux;
16;Jaume Grau;18 ans;-;-;-;-;-;20162017;Milieux;
17;Toni Segura;17 ans;-;-;-;-;-;20162017;Milieux;
21;D. Cheryshev;25 ans;-;-;-;-;-;20162017;Milieux;
22;Isco;23 ans;44;11;9;1773;34;20162017;Milieux;
27;José Carlos Lazo;19 ans;-;-;-;-;-;20162017;Milieux;
36;Marcos Llorente;20 ans;3;-;-;91;-;20162017;Milieux;
36;Aleix Febas;19 ans;2;-;-;77;-;20162017;Milieux;
;Jean Carlos;19 ans;-;-;-;-;-;20162017;Attaquants;
;J. Gaspar;20 ans;-;-;-;-;-;20162017;Attaquants;
;Isma Cerro;20 ans;-;-;-;-;-;20162017;Attaquants;
;Víctor Campuzano;18 ans;-;-;-;-;-;20162017;Attaquants;
9;K. Benzema;28 ans;47;19;7;92;37;20162017;Attaquants;
9;Cristiano Ronaldo;30 ans;46;42;11;201;42;20162017;Attaquants;
11;G. Bale;26 ans;28;9;3;72;42;20162017;Attaquants;
11;Marco Asensio;19 ans;41;9;6;36;40;20162017;Attaquants;
17;Lucas Vázquez;24 ans;53;4;10;41;48;20162017;Attaquants;
17;Miguel Garci;18 ans;-;-;-;-;-;20162017;Attaquants;
21;Álvaro Morata;23 ans;46;21;5;74;30;20162017;Attaquants;
26;M. Ødegaard;17 ans;12;-;3;6;15;20162017;Attaquants;
28;Jesé;22 ans;1;-;-;-;1;20162017;Attaquants;
37;M. Díaz;22 ans;18;7;2;25;5;20162017;Attaquants;
38;S. Díaz;17 ans;4;-;-;-;-;20162017;Attaquants;
43;Borja Mayoral;18 ans;-;-;-;-;-;20162017;Attaquants;
1;T. Courtois;28 ans;53;-;-;154;2;20212022;Gardiens;
13;A. Lunin;21 ans;6;-;-;19;1;20212022;Gardiens;
26;Diego Piñeiro;16 ans;-;-;-;-;-;20212022;Gardiens;
26;Luis López;19 ans;-;-;-;-;-;20212022;Gardiens;
26;Diego Altube;20 ans;-;-;-;-;-;20212022;Gardiens;
31;Lucas Cañizares;18 ans;-;-;-;-;-;20212022;Gardiens;
40;Toni Fuidias;19 ans;-;-;-;-;-;20212022;Gardiens;
2;Dani Carvajal;28 ans;36;1;4;40;32;20212022;Défenseurs;
3;Éder Militão;22 ans;51;2;2;47;86;20212022;Défenseurs;
4;D. Alaba;28 ans;47;3;4;26;37;20212022;Défenseurs;
4;Sergio Ramos;34 ans;-;-;-;-;-;20212022;Défenseurs;
5;Vallejo;23 ans;8;-;-;5;7;20212022;Défenseurs;
5;R. Varane;27 ans;-;-;-;-;-;20212022;Défenseurs;
6;Nacho;30 ans;44;3;-;25;54;20212022;Défenseurs;
12;Marcelo;32 ans;20;-;2;11;9;20212022;Défenseurs;
19;Odriozola;25 ans;1;-;-;1;-;20212022;Défenseurs;
23;F. Mendy;25 ans;35;2;4;21;25;20212022;Défenseurs;
32;Víctor Chust;20 ans;2;-;-;-;2;20212022;Défenseurs;
34;Mario Gila;20 ans;3;-;-;1;1;20212022;Défenseurs;
35;Miguel Gutiérrez;19 ans;6;-;1;7;2;20212022;Défenseurs;
39;Pablo Ramón;19 ans;-;-;-;-;-;20212022;Défenseurs;
41;Rafa Marín;18 ans;-;-;-;-;-;20212022;Défenseurs;
43;Sergio Santos;19 ans;1;-;-;-;-;20212022;Défenseurs;
8;T. Kroos;30 ans;45;3;3;3122;44;20212022;Milieux;
10;L. Modrić;35 ans;46;3;12;2590;25;20212022;Milieux;
12;E. Camavinga;18 ans;40;2;2;1128;16;20212022;Milieux;
14;Casemiro;28 ans;49;1;3;2702;39;20212022;Milieux;
15;F. Valverde;22 ans;46;1;2;1631;35;20212022;Milieux;
17;Lucas Vázquez;29 ans;43;3;-;1773;13;20212022;Milieux;
19;Dani Ceballos;24 ans;18;-;1;300;6;20212022;Milieux;
21;M. Ødegaard;22 ans;2;-;-;39;-;20212022;Milieux;
22;Isco;28 ans;19;2;-;435;8;20212022;Milieux;
23;Iván Morante;19 ans;1;-;-;5;-;20212022;Milieux;
27;Antonio Blanco;20 ans;4;-;-;100;-;20212022;Milieux;
28;Marvin Park;20 ans;2;-;-;23;-;20212022;Milieux;
32;Carlos Dotor;19 ans;1;-;-;4;-;20212022;Milieux;
33;Sergio Arribas;19 ans;2;-;-;18;2;20212022;Milieux;
44;Peter;18 ans;3;-;-;16;2;20212022;Milieux;
7;Vinícius Júnior;20 ans;53;22;16;84;137;20212022;Attaquants;
7;E. Hazard;29 ans;23;1;2;13;30;20212022;Attaquants;
9;K. Benzema;33 ans;46;44;14;136;48;20212022;Attaquants;
11;Marco Asensio;24 ans;42;12;2;53;30;20212022;Attaquants;
11;Rodrygo;19 ans;51;10;7;51;46;20212022;Attaquants;
16;L. Jović;23 ans;21;1;3;15;5;20212022;Attaquants;
24;M. Díaz;27 ans;12;1;1;12;6;20212022;Attaquants;
29;Juanmi Latasa;19 ans;1;-;-;1;-;20212022;Attaquants;
34;Hugo Duro;21 ans;-;-;-;-;-;20212022;Attaquants;
43;Óscar Aranda;18 ans;-;-;-;-;-;20212022;Attaquants;
1;Moha Ramos;16 ans;-;-;-;-;-;20172018;Gardiens;
1;K. Navas;30 ans;46;-;-;133;2;20172018;Gardiens;
13;Kiko Casilla;30 ans;20;-;-;37;-;20172018;Gardiens;
25;Rubén Yáñez;23 ans;-;-;-;-;-;20172018;Gardiens;
30;L. Zidane;18 ans;2;-;-;2;-;20172018;Gardiens;
;Jaime Sánchez;21 ans;-;-;-;-;-;20172018;Défenseurs;
;Dani Fernández;19 ans;-;-;-;-;-;20172018;Défenseurs;
;Héctor Martínez;22 ans;-;-;-;-;-;20172018;Défenseurs;
2;Dani Carvajal;24 ans;43;-;6;67;73;20172018;Défenseurs;
3;Pepe;33 ans;-;-;-;-;-;20172018;Défenseurs;
3;Vallejo;19 ans;28;-;-;20;40;20172018;Défenseurs;
4;Sergio Ramos;30 ans;43;5;1;50;76;20172018;Défenseurs;
5;R. Varane;23 ans;46;-;1;39;66;20172018;Défenseurs;
6;Nacho;26 ans;46;4;-;66;79;20172018;Défenseurs;
12;Marcelo;28 ans;46;5;11;54;49;20172018;Défenseurs;
15;Fábio Coentrão;28 ans;-;-;-;-;-;20172018;Défenseurs;
15;T. Hernández;19 ans;27;-;3;30;23;20172018;Défenseurs;
23;Sotillos;18 ans;-;-;-;-;-;20172018;Défenseurs;
23;Sergio Reguilón;20 ans;-;-;-;-;-;20172018;Défenseurs;
23;Danilo;25 ans;-;-;-;-;-;20172018;Défenseurs;
24;Javi Hernández;18 ans;-;-;-;-;-;20172018;Défenseurs;
26;L. Quezada;20 ans;2;-;-;-;-;20172018;Défenseurs;
33;Manu Hernando;18 ans;4;-;-;6;2;20172018;Défenseurs;
34;Álvaro Tejero;20 ans;5;-;-;4;-;20172018;Défenseurs;
34;A. Hakimi;18 ans;21;2;1;30;20;20172018;Défenseurs;
36;Cobo;18 ans;-;-;-;-;-;20172018;Défenseurs;
39;José León;21 ans;-;-;-;-;-;20172018;Défenseurs;
;Burgui;23 ans;-;-;-;-;-;20172018;Milieux;
;Álvaro Bravo;18 ans;-;-;-;-;-;20172018;Milieux;
;E. Zidane;21 ans;-;-;-;-;-;20172018;Milieux;
;Arturo Molina;20 ans;-;-;-;-;-;20172018;Milieux;
;Fran Ganfornina;20 ans;-;-;-;-;-;20172018;Milieux;
;José Carlos Lazo;20 ans;-;-;-;-;-;20172018;Milieux;
;Borja Sánchez;20 ans;-;-;-;-;-;20172018;Milieux;
;Adrián Mance;20 ans;-;-;-;-;-;20172018;Milieux;
7;Cristian Cedrés;20 ans;-;-;-;-;-;20172018;Milieux;
8;T. Kroos;26 ans;44;5;8;3223;39;20172018;Milieux;
10;L. Modrić;31 ans;45;2;8;2669;39;20172018;Milieux;
10;J. Rodríguez;25 ans;-;-;-;-;-;20172018;Milieux;
11;Marco Asensio;20 ans;55;12;7;1886;62;20172018;Milieux;
12;Tati;18 ans;-;-;-;-;-;20172018;Milieux;
14;Casemiro;24 ans;51;7;4;2618;37;20172018;Milieux;
16;M. Kovačić;22 ans;39;1;3;1604;14;20172018;Milieux;
17;Lucas Vázquez;25 ans;56;8;12;1650;44;20172018;Milieux;
18;Marcos Llorente;21 ans;23;-;1;1061;9;20172018;Milieux;
19;Gori López;18 ans;-;-;-;-;-;20172018;Milieux;
21;Mario Rodríguez;19 ans;-;-;-;-;-;20172018;Milieux;
22;Isco;24 ans;52;8;10;2604;64;20172018;Milieux;
24;Dani Ceballos;20 ans;50;4;-;2018;26;20172018;Milieux;
26;M. Ødegaard;18 ans;-;-;-;-;-;20172018;Milieux;
27;Álvaro;18 ans;-;-;-;-;-;20172018;Milieux;
33;Jaime Seoane;19 ans;1;-;-;7;-;20172018;Milieux;
36;Álvaro Fidalgo;19 ans;-;-;-;-;-;20172018;Milieux;
39;Jaume Grau;19 ans;-;-;-;-;-;20172018;Milieux;
;J. Gaspar;21 ans;-;-;-;-;-;20172018;Attaquants;
;Miguel Garci;19 ans;-;-;-;-;-;20172018;Attaquants;
9;Cristiano Ronaldo;31 ans;44;45;9;227;56;20172018;Attaquants;
9;K. Benzema;29 ans;49;12;11;81;50;20172018;Attaquants;
11;G. Bale;27 ans;42;21;5;89;38;20172018;Attaquants;
18;Echu;18 ans;-;-;-;-;-;20172018;Attaquants;
21;Borja Mayoral;19 ans;54;16;6;66;30;20172018;Attaquants;
21;Álvaro Morata;24 ans;-;-;-;-;-;20172018;Attaquants;
27;Cristo González;19 ans;-;-;-;-;-;20172018;Attaquants;
28;Dani Gómez;18 ans;1;-;-;1;-;20172018;Attaquants;
29;Llario;18 ans;-;-;-;-;-;20172018;Attaquants;
32;Óscar Rodríguez;18 ans;5;1;-;6;3;20172018;Attaquants;
34;F. Feuillassier;18 ans;3;-;-;1;3;20172018;Attaquants;
37;M. Díaz;23 ans;-;-;-;-;-;20172018;Attaquants;
;Moha Ramos;18 ans;-;-;-;-;-;20192020;Gardiens;
1;T. Courtois;26 ans;47;-;-;117;-;20192020;Gardiens;
1;K. Navas;32 ans;5;-;-;20;-;20192020;Gardiens;
1;A. Areola;25 ans;9;-;-;18;-;20192020;Gardiens;
13;Kiko Casilla;32 ans;-;-;-;-;-;20192020;Gardiens;
13;A. Lunin;19 ans;1;-;-;1;-;20192020;Gardiens;
26;Diego Altube;18 ans;-;-;-;-;-;20192020;Gardiens;
26;Luis López;17 ans;-;-;-;-;-;20192020;Gardiens;
30;L. Zidane;20 ans;-;-;-;-;-;20192020;Gardiens;
30;Toni Fuidias;17 ans;-;-;-;-;-;20192020;Gardiens;
;T. Hernández;21 ans;-;-;-;-;-;20192020;Défenseurs;
;A. Hakimi;20 ans;-;-;-;-;-;20192020;Défenseurs;
2;Dani Carvajal;26 ans;48;1;7;66;52;20192020;Défenseurs;
3;Vallejo;21 ans;-;-;-;-;-;20192020;Défenseurs;
3;Éder Militão;20 ans;21;-;-;23;32;20192020;Défenseurs;
4;Sergio Ramos;32 ans;49;13;-;42;79;20192020;Défenseurs;
5;R. Varane;25 ans;48;3;1;31;53;20192020;Défenseurs;
6;Nacho;28 ans;16;4;-;18;20;20192020;Défenseurs;
12;Marcelo;30 ans;29;2;6;21;27;20192020;Défenseurs;
19;Odriozola;23 ans;20;-;2;6;8;20192020;Défenseurs;
20;Rubén Pulido;18 ans;-;-;-;-;-;20192020;Défenseurs;
23;F. Mendy;23 ans;34;1;2;33;31;20192020;Défenseurs;
23;B. Garay;18 ans;-;-;-;-;-;20192020;Défenseurs;
23;Sergio Reguilón;22 ans;-;-;-;-;-;20192020;Défenseurs;
26;Dela;19 ans;5;-;-;1;1;20192020;Défenseurs;
28;Zekri;18 ans;-;-;-;-;-;20192020;Défenseurs;
31;Javi Sánchez;21 ans;-;-;-;-;-;20192020;Défenseurs;
35;Miguel Gutiérrez;17 ans;1;-;-;-;-;20192020;Défenseurs;
39;Javi Hernández;20 ans;2;1;-;1;1;20192020;Défenseurs;
;Reinier;16 ans;-;-;-;-;-;20192020;Milieux;
7;Vinícius Júnior;18 ans;44;5;4;797;39;20192020;Milieux;
8;T. Kroos;28 ans;51;6;9;3558;62;20192020;Milieux;
8;Galván;19 ans;-;-;-;-;-;20192020;Milieux;
10;L. Modrić;33 ans;45;5;7;2089;37;20192020;Milieux;
14;Casemiro;26 ans;47;5;5;2940;51;20192020;Milieux;
15;F. Valverde;20 ans;47;2;5;1744;27;20192020;Milieux;
16;J. Rodríguez;27 ans;14;1;2;492;15;20192020;Milieux;
17;Lucas Vázquez;27 ans;29;3;2;716;12;20192020;Milieux;
18;Marcos Llorente;23 ans;-;-;-;-;-;20192020;Milieux;
21;M. Ødegaard;20 ans;-;-;-;-;-;20192020;Milieux;
21;Fran Rivera;18 ans;-;-;-;-;-;20192020;Milieux;
24;A. Țîrlea;18 ans;-;-;-;-;-;20192020;Milieux;
24;Dani Ceballos;22 ans;-;-;-;-;-;20192020;Milieux;
26;T. Kubo;17 ans;4;-;-;56;4;20192020;Milieux;
27;Carlos Algarra;18 ans;-;-;-;-;-;20192020;Milieux;
33;Jaime Seoane;21 ans;4;-;-;63;-;20192020;Milieux;
36;Álvaro Fidalgo;21 ans;1;-;-;26;-;20192020;Milieux;
39;Jaume Grau;21 ans;-;-;-;-;-;20192020;Milieux;
;Diego Hernández;19 ans;-;-;-;-;-;20192020;Attaquants;
7;E. Hazard;27 ans;28;2;4;32;81;20192020;Attaquants;
9;K. Benzema;31 ans;54;31;12;158;52;20192020;Attaquants;
11;G. Bale;29 ans;22;4;2;40;22;20192020;Attaquants;
11;Rodrygo;17 ans;28;7;3;22;40;20192020;Attaquants;
11;Marco Asensio;22 ans;12;4;1;10;6;20192020;Attaquants;
16;Borja Mayoral;21 ans;-;-;-;-;-;20192020;Attaquants;
18;L. Jović;21 ans;31;2;2;18;10;20192020;Attaquants;
21;Brahim Díaz;19 ans;10;1;1;7;7;20192020;Attaquants;
22;Isco;26 ans;36;3;2;31;52;20192020;Attaquants;
24;M. Díaz;25 ans;9;2;-;15;3;20192020;Attaquants;
27;Cristo González;21 ans;-;-;-;-;-;20192020;Attaquants;
1;A. Areola;26 ans;-;-;-;-;-;20202021;Gardiens;
1;T. Courtois;27 ans;51;-;-;116;1;20202021;Gardiens;
13;A. Lunin;20 ans;1;-;-;1;-;20202021;Gardiens;
26;Luis López;18 ans;-;-;-;-;-;20202021;Gardiens;
26;Diego Altube;19 ans;-;-;-;-;-;20202021;Gardiens;
42;Lucas Cañizares;17 ans;-;-;-;-;-;20202021;Gardiens;
;Sergio Reguilón;23 ans;-;-;-;-;-;20202021;Défenseurs;
2;Dani Carvajal;27 ans;15;-;2;21;15;20202021;Défenseurs;
3;Éder Militão;21 ans;21;2;1;20;29;20202021;Défenseurs;
4;Sergio Ramos;33 ans;21;4;1;13;26;20202021;Défenseurs;
5;Vallejo;22 ans;-;-;-;-;-;20202021;Défenseurs;
5;R. Varane;26 ans;41;2;-;18;50;20202021;Défenseurs;
6;Nacho;29 ans;33;1;-;22;52;20202021;Défenseurs;
12;Marcelo;31 ans;19;-;4;26;11;20202021;Défenseurs;
17;Lucas Vázquez;28 ans;34;2;7;51;26;20202021;Défenseurs;
19;Odriozola;24 ans;16;2;-;10;7;20202021;Défenseurs;
23;F. Mendy;24 ans;38;2;-;22;39;20202021;Défenseurs;
32;Víctor Chust;19 ans;3;-;-;1;3;20202021;Défenseurs;
35;Miguel Gutiérrez;18 ans;6;-;1;-;5;20202021;Défenseurs;
39;Pablo Ramón;18 ans;-;-;-;-;-;20202021;Défenseurs;
39;Javi Hernández;21 ans;-;-;-;-;-;20202021;Défenseurs;
43;Sergio Santos;18 ans;-;-;-;-;-;20202021;Défenseurs;
;T. Kubo;18 ans;-;-;-;-;-;20202021;Milieux;
;Dani Ceballos;23 ans;-;-;-;-;-;20202021;Milieux;
8;T. Kroos;29 ans;42;3;12;3047;39;20202021;Milieux;
10;L. Modrić;34 ans;48;6;6;3071;36;20202021;Milieux;
14;Casemiro;27 ans;46;7;5;2677;44;20202021;Milieux;
16;J. Rodríguez;28 ans;-;-;-;-;-;20202021;Milieux;
21;M. Ødegaard;21 ans;9;-;-;240;2;20202021;Milieux;
22;Isco;27 ans;29;-;2;858;13;20202021;Milieux;
27;Antonio Blanco;19 ans;4;-;-;167;1;20202021;Milieux;
28;Marvin Park;19 ans;4;-;1;70;1;20202021;Milieux;
33;Sergio Arribas;18 ans;10;-;-;109;1;20202021;Milieux;
7;E. Hazard;28 ans;21;4;2;14;29;20202021;Attaquants;
7;Vinícius Júnior;19 ans;49;6;4;40;70;20202021;Attaquants;
9;K. Benzema;32 ans;46;30;9;123;51;20202021;Attaquants;
11;Rodrygo;18 ans;33;2;7;19;26;20202021;Attaquants;
11;G. Bale;30 ans;-;-;-;-;-;20202021;Attaquants;
11;Marco Asensio;23 ans;48;7;2;41;43;20202021;Attaquants;
15;F. Valverde;21 ans;33;3;1;21;32;20202021;Attaquants;
16;Borja Mayoral;22 ans;2;-;-;-;-;20202021;Attaquants;
18;L. Jović;22 ans;5;-;-;8;2;20202021;Attaquants;
21;Brahim Díaz;20 ans;-;-;-;-;-;20202021;Attaquants;
24;M. Díaz;26 ans;22;1;-;16;8;20202021;Attaquants;
34;Hugo Duro;20 ans;3;-;-;1;1;20202021;Attaquants;
43;Óscar Aranda;17 ans;-;-;-;-;-;20202021;Attaquants;
1;T. Courtois;25 ans;35;-;-;94;1;20182019;Gardiens;
1;K. Navas;31 ans;20;-;-;48;-;20182019;Gardiens;
13;Kiko Casilla;31 ans;1;-;-;1;-;20182019;Gardiens;
27;A. Lunin;18 ans;4;-;-;4;-;20182019;Gardiens;
30;L. Zidane;19 ans;1;-;-;1;-;20182019;Gardiens;
;Fábio Coentrão;29 ans;-;-;-;-;-;20182019;Défenseurs;
2;Dani Carvajal;25 ans;36;1;6;39;43;20182019;Défenseurs;
3;Vallejo;20 ans;16;2;-;16;24;20182019;Défenseurs;
4;Sergio Ramos;31 ans;40;10;1;45;56;20182019;Défenseurs;
5;R. Varane;24 ans;40;2;-;22;45;20182019;Défenseurs;
6;Nacho;27 ans;33;-;1;31;59;20182019;Défenseurs;
12;Marcelo;29 ans;32;3;6;29;21;20182019;Défenseurs;
15;T. Hernández;20 ans;1;-;1;-;1;20182019;Défenseurs;
19;Odriozola;22 ans;48;2;12;66;44;20182019;Défenseurs;
23;Sergio Reguilón;21 ans;48;-;6;72;74;20182019;Défenseurs;
26;Dela;18 ans;-;-;-;-;-;20182019;Défenseurs;
26;L. Quezada;21 ans;-;-;-;-;-;20182019;Défenseurs;
31;Sergio López;18 ans;2;-;-;2;-;20182019;Défenseurs;
31;Javi Sánchez;20 ans;8;1;-;5;12;20182019;Défenseurs;
39;José León;22 ans;2;-;-;1;2;20182019;Défenseurs;
3;Fran García;18 ans;1;-;1;34;-;20182019;Milieux;
8;T. Kroos;27 ans;43;1;6;3185;32;20182019;Milieux;
10;L. Modrić;32 ans;43;4;8;2455;35;20182019;Milieux;
14;Casemiro;25 ans;40;4;-;2203;35;20182019;Milieux;
15;F. Valverde;19 ans;27;-;-;866;11;20182019;Milieux;
16;M. Kovačić;23 ans;-;-;-;-;-;20182019;Milieux;
18;Marcos Llorente;22 ans;18;2;-;936;6;20182019;Milieux;
22;Dani Sánchez;17 ans;-;-;-;-;-;20182019;Milieux;
22;Isco;25 ans;39;6;2;1466;31;20182019;Milieux;
24;Dani Ceballos;21 ans;72;6;6;3588;38;20182019;Milieux;
32;Óscar Rodríguez;19 ans;1;-;-;35;2;20182019;Milieux;
33;Jaime Seoane;20 ans;-;-;-;-;-;20182019;Milieux;
34;F. Feuillassier;19 ans;-;-;-;-;-;20182019;Milieux;
36;M. Ødegaard;19 ans;6;-;-;106;4;20182019;Milieux;
36;Álvaro Fidalgo;20 ans;1;-;-;14;-;20182019;Milieux;
39;Jaume Grau;20 ans;-;-;-;-;-;20182019;Milieux;
7;Vinícius Júnior;17 ans;32;4;9;60;66;20182019;Attaquants;
9;K. Benzema;30 ans;53;30;9;131;68;20182019;Attaquants;
11;G. Bale;28 ans;42;16;6;109;35;20182019;Attaquants;
11;Marco Asensio;21 ans;44;9;5;62;61;20182019;Attaquants;
17;Lucas Vázquez;26 ans;46;4;5;33;51;20182019;Attaquants;
21;Brahim Díaz;18 ans;2;-;-;1;2;20182019;Attaquants;
21;Borja Mayoral;20 ans;6;-;-;2;2;20182019;Attaquants;
24;M. Díaz;24 ans;19;4;-;25;4;20182019;Attaquants;
26;Raúl de Tomás;23 ans;2;-;-;4;-;20182019;Attaquants;
27;Cristo González;20 ans;4;1;-;2;-;20182019;Attaquants;
;Diego Altube;21 ans;-;-;-;-;-;20222023;Gardiens;
1;T. Courtois;29 ans;51;-;-;159;2;20222023;Gardiens;
13;A. Lunin;22 ans;13;-;-;22;-;20222023;Gardiens;
26;Luis López;20 ans;-;-;-;-;-;20222023;Gardiens;
26;Diego Piñeiro;17 ans;-;-;-;-;-;20222023;Gardiens;
30;Fran González;16 ans;-;-;-;-;-;20222023;Gardiens;
31;Lucas Cañizares;19 ans;-;-;-;-;-;20222023;Gardiens;
40;Toni Fuidias;20 ans;-;-;-;-;-;20222023;Gardiens;
43;Mario de Luis;19 ans;-;-;-;-;-;20222023;Gardiens;
;Víctor Chust;21 ans;-;-;-;-;-;20222023;Défenseurs;
2;Dani Carvajal;29 ans;46;-;4;36;27;20222023;Défenseurs;
3;Éder Militão;23 ans;54;7;-;46;70;20222023;Défenseurs;
4;D. Alaba;29 ans;42;2;3;20;27;20222023;Défenseurs;
5;Vallejo;24 ans;7;-;1;5;3;20222023;Défenseurs;
6;Nacho;31 ans;47;1;1;26;52;20222023;Défenseurs;
12;Marcelo;33 ans;-;-;-;-;-;20222023;Défenseurs;
16;Odriozola;26 ans;7;-;-;2;1;20222023;Défenseurs;
17;Lucas Vázquez;30 ans;33;4;2;33;13;20222023;Défenseurs;
22;A. Rüdiger;28 ans;56;2;-;29;29;20222023;Défenseurs;
23;F. Mendy;26 ans;31;-;1;17;18;20222023;Défenseurs;
27;Vinícius Tobias;17 ans;1;-;-;-;1;20222023;Défenseurs;
32;Marvel;18 ans;-;-;-;-;-;20222023;Défenseurs;
34;Mario Gila;21 ans;-;-;-;-;-;20222023;Défenseurs;
35;Miguel Gutiérrez;20 ans;-;-;-;-;-;20222023;Défenseurs;
41;Rafa Marín;19 ans;-;-;-;-;-;20222023;Défenseurs;
43;Sergio Santos;20 ans;-;-;-;-;-;20222023;Défenseurs;
;T. Kubo;20 ans;-;-;-;-;-;20222023;Milieux;
;Reinier;19 ans;-;-;-;-;-;20222023;Milieux;
8;T. Kroos;31 ans;55;2;6;4131;37;20222023;Milieux;
10;L. Modrić;36 ans;55;6;6;2726;28;20222023;Milieux;
12;E. Camavinga;19 ans;62;-;2;2464;18;20222023;Milieux;
14;Casemiro;29 ans;5;-;1;192;2;20222023;Milieux;
18;A. Tchouameni;21 ans;53;-;4;2370;30;20222023;Milieux;
19;Dani Ceballos;25 ans;49;1;9;1909;18;20222023;Milieux;
22;Isco;29 ans;-;-;-;-;-;20222023;Milieux;
27;Antonio Blanco;21 ans;-;-;-;-;-;20222023;Milieux;
31;Mario Martín;17 ans;1;-;-;4;-;20222023;Milieux;
32;Carlos Dotor;20 ans;-;-;-;-;-;20222023;Milieux;
32;N. Paz;17 ans;-;-;-;-;-;20222023;Milieux;
33;Sergio Arribas;20 ans;4;1;-;14;1;20222023;Milieux;
44;Peter;19 ans;-;-;-;-;-;20222023;Milieux;
7;E. Hazard;30 ans;13;2;1;6;4;20222023;Attaquants;
7;Vinícius Júnior;21 ans;58;23;19;108;197;20222023;Attaquants;
9;K. Benzema;34 ans;45;33;6;134;40;20222023;Attaquants;
11;Marco Asensio;25 ans;54;13;9;61;28;20222023;Attaquants;
11;Rodrygo;20 ans;60;19;10;110;119;20222023;Attaquants;
12;Borja Mayoral;24 ans;-;-;-;-;-;20222023;Attaquants;
15;F. Valverde;23 ans;59;12;7;88;54;20222023;Attaquants;
16;L. Jović;24 ans;-;-;-;-;-;20222023;Attaquants;
18;G. Bale;32 ans;-;-;-;-;-;20222023;Attaquants;
24;M. Díaz;28 ans;12;-;-;6;1;20222023;Attaquants;
29;Juanmi Latasa;20 ans;-;-;-;-;-;20222023;Attaquants;
39;Á. Rodríguez;17 ans;8;1;1;3;-;20222023;Attaquants;
;Diego Altube;23 ans;-;-;-;-;-;20232024;Gardiens;
1;T. Courtois;31 ans;-;-;-;-;-;20232024;Gardiens;
13;A. Lunin;24 ans;3;-;-;9;-;20232024;Gardiens;
25;Kepa;29 ans;9;-;-;21;-;20232024;Gardiens;
26;Diego Piñeiro;19 ans;-;-;-;-;-;20232024;Gardiens;
30;Fran González;18 ans;-;-;-;-;-;20232024;Gardiens;
31;Lucas Cañizares;21 ans;-;-;-;-;-;20232024;Gardiens;
;Sergio Santos;22 ans;-;-;-;-;-;20232024;Défenseurs;
;Víctor Chust;23 ans;-;-;-;-;-;20232024;Défenseurs;
2;Dani Carvajal;31 ans;9;-;2;14;7;20232024;Défenseurs;
3;Éder Militão;25 ans;2;-;-;-;-;20232024;Défenseurs;
4;D. Alaba;31 ans;9;-;1;3;8;20232024;Défenseurs;
6;Nacho;33 ans;9;-;-;5;6;20232024;Défenseurs;
20;Fran García;24 ans;9;-;2;4;8;20232024;Défenseurs;
22;A. Rüdiger;30 ans;12;-;-;4;4;20232024;Défenseurs;
23;F. Mendy;28 ans;5;-;-;2;4;20232024;Défenseurs;
27;Vinícius Tobias;19 ans;-;-;-;-;-;20232024;Défenseurs;
32;Marvel;20 ans;-;-;-;-;-;20232024;Défenseurs;
34;Álvaro Carrillo;21 ans;-;-;-;-;-;20232024;Défenseurs;
5;J. Bellingham;20 ans;11;10;3;540;22;20232024;Milieux;
8;T. Kroos;33 ans;12;1;2;630;10;20232024;Milieux;
10;L. Modrić;38 ans;10;-;1;405;7;20232024;Milieux;
12;E. Camavinga;20 ans;12;-;1;552;3;20232024;Milieux;
15;F. Valverde;25 ans;12;3;2;629;19;20232024;Milieux;
17;Lucas Vázquez;32 ans;9;-;1;217;3;20232024;Milieux;
18;A. Tchouameni;23 ans;12;1;-;696;7;20232024;Milieux;
19;Dani Ceballos;27 ans;4;-;-;76;-;20232024;Milieux;
24;A. Güler;18 ans;-;-;-;-;-;20232024;Milieux;
31;Mario Martín;19 ans;-;-;-;-;-;20232024;Milieux;
32;N. Paz;19 ans;1;-;-;10;-;20232024;Milieux;
33;Gonzalo García;19 ans;-;-;-;-;-;20232024;Milieux;
7;Vinícius Júnior;23 ans;8;4;1;14;17;20232024;Attaquants;
11;Rodrygo;22 ans;12;1;2;26;22;20232024;Attaquants;
14;Joselu;33 ans;12;5;2;28;3;20232024;Attaquants;
21;Brahim Díaz;24 ans;9;1;-;3;6;20232024;Attaquants;
39;Á. Rodríguez;19 ans;-;-;-;-;-;20232024;Attaquants;